voxel_number,cluster_4,cluster_6,cluster_8,cluster_13,X,Y,Z,Chat-252
1,3,3,7,4,53,25,18,0.004974713
2,3,3,4,9,63,34,18,7.76e-05
3,3,3,7,7,53,25,19,0.005733273
4,3,3,7,7,53,26,19,0.006038758
5,3,3,4,9,62,33,19,0.002626408
6,1,1,1,10,53,25,20,0.01304266
7,1,1,1,10,53,26,20,0.01472626
8,1,1,1,1,53,27,20,0.011972019
9,3,1,7,7,53,28,20,0.007415192
10,1,4,5,8,62,28,20,0.023931876
11,3,3,7,7,53,29,20,0.005598719
12,1,4,5,8,62,29,20,0.02334433
13,3,1,7,1,63,29,20,0.009111056
14,0,0,0,0,64,29,20,-1.0
15,1,4,5,5,54,30,20,0.01860754
16,3,1,7,7,55,30,20,0.007196636
17,3,1,7,1,59,30,20,0.008855999
18,1,4,5,8,62,30,20,0.023980884
19,1,1,1,1,63,30,20,0.00999031
20,0,0,0,0,64,30,20,-1.0
21,3,3,7,7,53,31,20,0.00683878
22,1,4,5,8,54,31,20,0.020891892
23,1,1,1,10,55,31,20,0.01449472
24,1,4,5,8,57,31,20,0.024314059
25,1,4,5,5,58,31,20,0.01943165
26,3,1,1,1,59,31,20,0.009422506
27,1,4,5,8,62,31,20,0.021164019
28,3,1,7,7,63,31,20,0.008118368
29,3,3,7,7,53,32,20,0.006432292
30,1,4,5,5,54,32,20,0.01868927
31,1,1,1,1,59,32,20,0.011619566
32,1,1,1,10,62,32,20,0.01433919
33,3,3,7,4,63,32,20,0.004903552
34,3,3,4,4,53,33,20,0.004347993
35,2,4,3,12,55,33,20,0.029230548
36,2,2,6,6,58,33,20,0.046146363
37,1,1,1,10,59,33,20,0.013800713
38,3,3,7,7,62,33,20,0.006557266
39,3,3,4,9,63,33,20,0.002324083
40,0,0,0,0,64,33,20,-1.0
41,3,3,4,9,53,34,20,0.001559781
42,3,3,4,4,54,34,20,0.004448379
43,1,4,5,8,55,34,20,0.02163065
44,1,4,5,5,56,34,20,0.017016856
45,1,4,5,5,58,34,20,0.016809823
46,3,1,7,7,59,34,20,0.007210143
47,0,0,0,0,60,34,20,-1.0
48,3,3,4,9,63,34,20,0.000820961
49,3,3,4,9,54,35,20,0.000573573
50,3,3,4,4,55,35,20,0.003743233
51,3,3,7,4,56,35,20,0.004937759
52,3,3,4,9,58,35,20,0.002236549
53,3,3,4,9,59,35,20,0.002106066
54,2,2,3,3,53,26,21,0.0372771
55,2,2,3,3,53,27,21,0.03215842
56,0,0,0,0,60,27,21,-1.0
57,1,4,5,5,62,27,21,0.018201558
58,0,0,0,0,64,27,21,-1.0
59,1,1,1,10,54,28,21,0.015133788
60,0,0,0,0,60,28,21,-1.0
61,1,1,1,1,61,28,21,0.011605455
62,1,4,5,5,62,28,21,0.017452486
63,0,0,0,0,64,28,21,-1.0
64,1,1,1,10,54,29,21,0.014632551
65,3,3,7,7,55,29,21,0.006524711
66,3,3,4,4,56,29,21,0.004175591
67,1,1,1,1,57,29,21,0.010197222
68,3,1,7,7,58,29,21,0.007778611
69,3,1,7,7,59,29,21,0.008131813
70,0,0,0,0,60,29,21,-1.0
71,1,1,1,1,61,29,21,0.011012562
72,1,4,5,8,62,29,21,0.022032257
73,1,1,1,10,63,29,21,0.014092584
74,0,0,0,0,64,29,21,-1.0
75,3,3,7,4,53,30,21,0.005176599
76,1,4,5,10,54,30,21,0.016298098
77,3,1,7,7,55,30,21,0.008446886
78,3,3,7,7,56,30,21,0.006104144
79,1,1,1,10,57,30,21,0.014292705
80,1,1,1,1,58,30,21,0.012570936
81,3,1,7,7,59,30,21,0.008595457
82,0,0,0,0,60,30,21,-1.0
83,1,4,3,8,61,30,21,0.024894029
84,2,2,3,3,62,30,21,0.032128118
85,1,4,5,5,63,30,21,0.019100284
86,0,0,0,0,64,30,21,-1.0
87,0,0,0,0,65,30,21,-1.0
88,3,3,7,7,53,31,21,0.005473828
89,1,4,5,5,54,31,21,0.020535307
90,1,4,5,5,55,31,21,0.02008924
91,1,1,1,10,56,31,21,0.014306233
92,2,2,3,3,57,31,21,0.037082117
93,1,4,3,12,58,31,21,0.025799217
94,1,1,1,1,59,31,21,0.012212956
95,0,0,0,0,60,31,21,-1.0
96,1,4,3,8,61,31,21,0.025214361
97,1,4,3,12,62,31,21,0.02816201
98,1,1,1,10,63,31,21,0.014843551
99,3,3,7,7,53,32,21,0.005563876
100,1,4,5,8,54,32,21,0.022276677
101,2,2,6,3,55,32,21,0.040725965
102,2,2,3,3,56,32,21,0.03534621
103,2,5,2,2,57,32,21,0.05949485
104,2,2,6,6,58,32,21,0.045393933
105,1,1,5,10,59,32,21,0.015648913
106,1,4,5,5,62,32,21,0.020305635
107,3,1,7,1,63,32,21,0.009066524
108,0,0,0,0,64,32,21,-1.0
109,3,3,4,4,53,33,21,0.004019382
110,1,4,5,5,54,33,21,0.016756237
111,2,5,6,2,55,33,21,0.05342613
112,2,2,6,6,56,33,21,0.04787737
113,2,5,2,2,58,33,21,0.058096137
114,1,1,1,1,61,33,21,0.0100715
115,3,3,7,7,63,33,21,0.006293631
116,0,0,0,0,64,33,21,-1.0
117,3,3,4,9,53,34,21,0.00161629
118,3,1,7,1,54,34,21,0.008837019
119,2,2,6,3,55,34,21,0.04099463
120,2,2,6,6,56,34,21,0.04496792
121,2,2,3,12,57,34,21,0.031405527
122,1,4,5,8,58,34,21,0.023857525
123,3,3,7,4,61,34,21,0.00527958
124,3,3,4,9,63,34,21,0.002517425
125,0,0,0,0,64,34,21,-1.0
126,3,3,4,9,54,35,21,0.001514491
127,3,1,1,1,55,35,21,0.009543445
128,1,1,1,10,56,35,21,0.015087776
129,3,3,7,7,57,35,21,0.00634162
130,3,3,7,4,58,35,21,0.004949819
131,3,1,7,7,59,35,21,0.007954675
132,0,0,0,0,60,35,21,-1.0
133,3,3,4,9,61,35,21,0.000880699
134,3,3,4,9,58,36,21,0.000485305
135,1,4,5,5,54,26,22,0.017753279
136,1,4,5,5,62,26,22,0.018918486
137,2,5,2,2,53,27,22,0.061848782
138,1,4,5,5,54,27,22,0.016854258
139,3,1,7,7,55,27,22,0.00767534
140,3,1,7,7,59,27,22,0.007666179
141,1,1,1,10,61,27,22,0.014390031
142,1,1,1,10,62,27,22,0.014870731
143,0,0,0,0,64,27,22,-1.0
144,1,4,3,12,53,28,22,0.02895001
145,1,1,1,10,54,28,22,0.013966577
146,1,1,1,1,55,28,22,0.00992668
147,1,1,1,1,56,28,22,0.011045687
148,3,3,7,7,58,28,22,0.005854412
149,3,3,7,4,59,28,22,0.005353632
150,0,0,0,0,60,28,22,-1.0
151,1,1,1,10,61,28,22,0.012923847
152,1,1,1,10,62,28,22,0.013555476
153,3,1,7,1,63,28,22,0.008773431
154,0,0,0,0,64,28,22,-1.0
155,0,0,0,0,65,28,22,-1.0
156,3,1,7,7,53,29,22,0.007462265
157,3,1,7,7,56,29,22,0.008426813
158,1,1,1,1,57,29,22,0.010281705
159,3,3,7,7,58,29,22,0.006896714
160,3,3,7,7,59,29,22,0.005591154
161,0,0,0,0,60,29,22,-1.0
162,1,1,1,10,61,29,22,0.013780143
163,1,4,5,8,62,29,22,0.02106283
164,1,1,1,10,63,29,22,0.013307745
165,0,0,0,0,64,29,22,-1.0
166,0,0,0,0,65,29,22,-1.0
167,3,3,4,4,53,30,22,0.003140146
168,1,1,1,10,54,30,22,0.014293979
169,3,1,7,1,55,30,22,0.008819692
170,3,1,7,7,56,30,22,0.00720712
171,1,1,1,1,57,30,22,0.010355577
172,1,1,1,1,58,30,22,0.011200154
173,0,0,0,0,60,30,22,-1.0
174,1,4,5,8,61,30,22,0.022288555
175,2,2,3,3,62,30,22,0.03423088
176,1,4,5,5,63,30,22,0.019555679
177,0,0,0,0,64,30,22,-1.0
178,0,0,0,0,65,30,22,-1.0
179,3,3,4,4,53,31,22,0.003970809
180,1,4,5,5,54,31,22,0.019397635
181,1,4,5,5,55,31,22,0.019539665
182,1,1,1,10,56,31,22,0.015413065
183,2,2,3,3,57,31,22,0.037900485
184,1,4,3,12,58,31,22,0.027555974
185,1,1,1,10,59,31,22,0.013943564
186,1,4,5,8,61,31,22,0.0225089
187,1,4,3,12,62,31,22,0.028697584
188,1,1,1,10,63,31,22,0.015447916
189,0,0,0,0,64,31,22,-1.0
190,0,0,0,0,65,31,22,-1.0
191,3,3,7,7,53,32,22,0.005539548
192,1,4,5,8,54,32,22,0.023674503
193,2,2,6,6,55,32,22,0.04382233
194,2,5,6,6,56,32,22,0.048159674
195,2,5,2,11,57,32,22,0.06524589
196,2,2,6,6,58,32,22,0.0450434
197,1,4,5,5,59,32,22,0.017429493
198,0,0,0,0,60,32,22,-1.0
199,1,4,5,8,62,32,22,0.024242884
200,1,1,1,1,63,32,22,0.010904887
201,0,0,0,0,64,32,22,-1.0
202,3,3,7,7,53,33,22,0.005929952
203,1,4,5,8,54,33,22,0.02192067
204,2,5,2,2,55,33,22,0.058480464
205,2,5,2,2,56,33,22,0.0628234
206,2,5,2,2,57,33,22,0.058221135
207,2,5,6,6,58,33,22,0.05122891
208,1,4,5,8,59,33,22,0.02370382
209,0,0,0,0,60,33,22,-1.0
210,0,0,0,0,64,33,22,-1.0
211,1,1,1,1,54,34,22,0.011835149
212,2,2,6,6,55,34,22,0.04661692
213,2,5,6,2,56,34,22,0.054639034
214,2,2,3,3,57,34,22,0.035579596
215,1,4,3,8,58,34,22,0.025445228
216,0,0,0,0,60,34,22,-1.0
217,3,3,4,4,63,34,22,0.004567576
218,1,1,1,1,57,35,22,0.011792681
219,3,1,7,7,58,35,22,0.008454152
220,1,1,1,10,59,35,22,0.013477107
221,0,0,0,0,60,35,22,-1.0
222,3,3,4,4,61,35,22,0.004380938
223,3,3,4,9,57,36,22,0.002314481
224,3,3,4,9,58,36,22,0.001853857
225,3,3,4,9,59,36,22,0.002308767
226,0,0,0,0,60,36,22,-1.0
227,3,3,4,9,61,36,22,0.001238346
228,3,3,4,9,58,37,22,0.000487916
229,3,1,1,1,54,25,23,0.009690061
230,1,1,1,1,54,26,23,0.011639903
231,1,1,1,1,63,26,23,0.011007247
232,1,1,1,1,54,27,23,0.010567362
233,3,1,7,7,55,27,23,0.007261973
234,3,1,7,7,56,27,23,0.007624918
235,1,1,1,10,61,27,23,0.014442334
236,1,4,5,5,62,27,23,0.019454377
237,3,1,1,1,63,27,23,0.009512407
238,0,0,0,0,64,27,23,-1.0
239,3,1,7,7,54,28,23,0.008482048
240,3,1,7,1,55,28,23,0.009216579
241,1,1,1,10,56,28,23,0.013573023
242,1,1,1,1,57,28,23,0.011364684
243,3,1,7,7,58,28,23,0.007825137
244,3,3,4,4,59,28,23,0.004442448
245,0,0,0,0,60,28,23,-1.0
246,1,1,1,10,61,28,23,0.013809
247,1,4,5,5,62,28,23,0.017780606
248,3,1,7,7,63,28,23,0.007832442
249,0,0,0,0,64,28,23,-1.0
250,0,0,0,0,65,28,23,-1.0
251,3,3,7,7,53,29,23,0.006167146
252,1,1,1,1,54,29,23,0.009827836
253,3,1,7,7,55,29,23,0.008604416
254,3,1,1,1,56,29,23,0.00944153
255,3,1,7,1,57,29,23,0.009158093
256,1,1,1,1,58,29,23,0.009882634
257,3,3,7,4,59,29,23,0.005139116
258,0,0,0,0,60,29,23,-1.0
259,1,1,1,10,61,29,23,0.014617408
260,1,4,5,5,62,29,23,0.018795354
261,3,1,7,7,63,29,23,0.007593876
262,0,0,0,0,64,29,23,-1.0
263,0,0,0,0,65,29,23,-1.0
264,3,3,4,4,53,30,23,0.00303082
265,1,1,1,10,54,30,23,0.015424748
266,3,1,7,7,55,30,23,0.008424625
267,3,1,7,7,56,30,23,0.007568756
268,3,1,7,7,57,30,23,0.00715663
269,1,1,1,10,58,30,23,0.01268422
270,3,1,7,7,59,30,23,0.007693873
271,0,0,0,0,60,30,23,-1.0
272,1,1,1,10,61,30,23,0.015274818
273,1,4,5,8,62,30,23,0.02189209
274,1,1,1,1,63,30,23,0.010118975
275,0,0,0,0,64,30,23,-1.0
276,3,3,4,4,53,31,23,0.004281087
277,1,4,5,5,54,31,23,0.019528523
278,1,4,5,5,55,31,23,0.017141394
279,1,1,1,10,56,31,23,0.014917108
280,1,4,3,12,57,31,23,0.028966917
281,1,4,5,5,58,31,23,0.020665769
282,1,1,1,1,59,31,23,0.012065101
283,1,4,5,5,61,31,23,0.017034877
284,1,4,5,8,62,31,23,0.021999985
285,1,1,1,1,63,31,23,0.009923829
286,0,0,0,0,64,31,23,-1.0
287,1,4,5,8,54,32,23,0.022170777
288,2,2,3,3,55,32,23,0.037913285
289,2,5,6,6,56,32,23,0.052408107
290,2,5,6,6,57,32,23,0.052586056
291,1,4,3,12,58,32,23,0.028815934
292,1,1,1,10,59,32,23,0.014420652
293,0,0,0,0,60,32,23,-1.0
294,1,4,5,5,61,32,23,0.020172816
295,1,4,3,12,62,32,23,0.025637945
296,1,1,1,1,63,32,23,0.009857742
297,0,0,0,0,64,32,23,-1.0
298,3,3,4,4,53,33,23,0.004722513
299,1,4,5,8,54,33,23,0.021446003
300,2,5,2,2,55,33,23,0.05860624
301,2,5,2,11,56,33,23,0.06888432
302,2,5,6,6,57,33,23,0.05083206
303,2,2,3,12,58,33,23,0.03088472
304,1,4,5,5,59,33,23,0.019084759
305,0,0,0,0,60,33,23,-1.0
306,1,4,3,12,61,33,23,0.025518415
307,2,2,3,12,62,33,23,0.029742546
308,1,1,1,1,63,33,23,0.009999937
309,0,0,0,0,64,33,23,-1.0
310,3,3,4,9,53,34,23,0.00237101
311,1,1,1,10,54,34,23,0.012974122
312,2,5,6,6,55,34,23,0.05033272
313,2,5,2,2,56,34,23,0.056996256
314,2,2,3,3,57,34,23,0.035561945
315,1,4,5,8,58,34,23,0.021450533
316,1,4,5,8,59,34,23,0.024073198
317,0,0,0,0,60,34,23,-1.0
318,1,4,5,5,61,34,23,0.019917114
319,3,3,7,7,63,34,23,0.006753675
320,0,0,0,0,64,34,23,-1.0
321,3,3,4,9,53,35,23,0.00074154
322,3,3,4,4,54,35,23,0.004530451
323,1,4,5,8,55,35,23,0.022873648
324,1,4,5,8,56,35,23,0.023943702
325,1,4,5,10,57,35,23,0.016050242
326,1,1,1,1,58,35,23,0.0115812
327,1,1,1,10,59,35,23,0.0143608
328,0,0,0,0,60,35,23,-1.0
329,3,3,4,9,54,36,23,0.001218109
330,3,1,7,7,55,36,23,0.007072049
331,3,3,4,4,56,36,23,0.004783039
332,3,3,4,4,57,36,23,0.003948838
333,3,3,4,4,58,36,23,0.004653042
334,3,3,4,4,59,36,23,0.004757742
335,3,3,4,9,58,37,23,0.001365413
336,3,3,4,9,59,37,23,0.00123339
337,3,3,7,7,54,25,24,0.005811189
338,3,3,7,7,54,26,24,0.006337668
339,3,3,7,7,55,27,24,0.006495724
340,3,1,7,7,57,27,24,0.007382946
341,0,0,0,0,60,27,24,-1.0
342,1,1,1,1,61,27,24,0.010862184
343,1,1,1,10,62,27,24,0.015224819
344,3,1,7,7,63,27,24,0.007103875
345,0,0,0,0,64,27,24,-1.0
346,3,3,7,7,54,28,24,0.006109862
347,3,3,7,7,55,28,24,0.0068542
348,3,3,7,7,56,28,24,0.006021456
349,3,3,7,7,57,28,24,0.006460626
350,3,3,7,7,58,28,24,0.00686322
351,3,3,7,7,59,28,24,0.006070478
352,0,0,0,0,60,28,24,-1.0
353,1,1,1,1,61,28,24,0.011283982
354,1,4,5,10,62,28,24,0.01633708
355,3,1,7,7,63,28,24,0.007083016
356,0,0,0,0,64,28,24,-1.0
357,0,0,0,0,65,28,24,-1.0
358,3,1,7,7,54,29,24,0.007994456
359,3,3,4,4,55,29,24,0.004786563
360,3,3,4,4,56,29,24,0.004474208
361,3,3,7,7,57,29,24,0.005922031
362,3,1,7,7,58,29,24,0.007926417
363,3,3,4,4,59,29,24,0.004592416
364,0,0,0,0,60,29,24,-1.0
365,1,1,1,1,61,29,24,0.012014128
366,1,4,5,5,62,29,24,0.017216614
367,3,1,7,7,63,29,24,0.007567011
368,0,0,0,0,64,29,24,-1.0
369,1,1,1,1,54,30,24,0.012554827
370,3,3,7,7,55,30,24,0.006723199
371,3,3,7,7,56,30,24,0.00684019
372,3,3,7,4,57,30,24,0.004873147
373,3,1,7,1,58,30,24,0.009300823
374,3,3,7,4,59,30,24,0.005140104
375,0,0,0,0,60,30,24,-1.0
376,1,1,1,1,61,30,24,0.01148554
377,1,4,5,5,62,30,24,0.017590245
378,3,1,7,7,63,30,24,0.007938872
379,0,0,0,0,64,30,24,-1.0
380,1,1,1,10,55,31,24,0.013668621
381,1,4,5,5,56,31,24,0.01677954
382,1,1,1,10,57,31,24,0.013770229
383,1,1,1,1,58,31,24,0.011098561
384,3,1,7,7,59,31,24,0.007758667
385,0,0,0,0,60,31,24,-1.0
386,1,4,5,10,61,31,24,0.016376378
387,1,4,5,8,62,31,24,0.022036674
388,3,1,7,7,63,31,24,0.008604378
389,0,0,0,0,64,31,24,-1.0
390,1,4,5,5,54,32,24,0.0196802
391,1,4,3,12,55,32,24,0.028846951
392,2,5,6,6,56,32,24,0.04939557
393,2,2,3,12,57,32,24,0.03040548
394,1,1,1,10,58,32,24,0.01508547
395,3,1,1,1,59,32,24,0.009678956
396,0,0,0,0,60,32,24,-1.0
397,1,4,5,8,61,32,24,0.022898184
398,1,4,3,12,62,32,24,0.026970247
399,3,1,7,1,63,32,24,0.009130236
400,0,0,0,0,64,32,24,-1.0
401,1,4,5,5,54,33,24,0.020283366
402,2,5,6,2,55,33,24,0.053829614
403,2,5,2,11,56,33,24,0.07296985
404,2,2,6,6,57,33,24,0.042680267
405,1,4,5,5,58,33,24,0.01896056
406,1,1,1,10,59,33,24,0.012848185
407,1,4,5,8,61,33,24,0.02232128
408,2,2,3,12,62,33,24,0.029895587
409,3,1,7,1,63,33,24,0.009175419
410,0,0,0,0,64,33,24,-1.0
411,1,1,1,10,54,34,24,0.014112141
412,2,5,6,6,55,34,24,0.050870243
413,2,5,2,11,56,34,24,0.06957724
414,2,2,3,3,57,34,24,0.035725195
415,1,4,5,5,58,34,24,0.018468456
416,1,4,5,10,59,34,24,0.015905457
417,1,4,3,12,62,34,24,0.026210962
418,3,1,7,7,63,34,24,0.00772349
419,3,3,7,7,54,35,24,0.00635028
420,1,4,3,12,55,35,24,0.026644347
421,2,2,3,3,56,35,24,0.03324313
422,1,4,5,5,57,35,24,0.018398436
423,1,1,1,10,58,35,24,0.012962941
424,1,1,1,1,59,35,24,0.011398538
425,3,3,4,4,63,35,24,0.00411645
426,3,3,4,9,53,36,24,0.000167245
427,3,3,4,9,54,36,24,0.001644832
428,3,1,7,1,56,36,24,0.009166192
429,3,3,7,4,57,36,24,0.005214945
430,3,3,7,7,58,36,24,0.006310672
431,3,3,7,4,59,36,24,0.005370595
432,3,3,4,9,58,37,24,0.001953477
433,3,3,4,9,54,27,25,0.002660217
434,3,3,4,4,57,27,25,0.004770432
435,3,3,7,7,58,27,25,0.006925892
436,1,1,1,1,59,27,25,0.010592
437,0,0,0,0,60,27,25,-1.0
438,1,1,1,1,61,27,25,0.010847814
439,1,1,1,1,62,27,25,0.010494647
440,3,3,7,7,63,27,25,0.006367777
441,0,0,0,0,64,27,25,-1.0
442,3,3,4,4,54,28,25,0.004813
443,3,3,4,4,57,28,25,0.004247764
444,3,3,7,7,58,28,25,0.005734687
445,3,3,7,7,59,28,25,0.006659773
446,0,0,0,0,60,28,25,-1.0
447,3,1,7,1,61,28,25,0.008802573
448,1,1,1,10,62,28,25,0.01362066
449,3,3,7,7,63,28,25,0.006554275
450,0,0,0,0,64,28,25,-1.0
451,3,3,7,7,54,29,25,0.006198541
452,3,3,4,9,55,29,25,0.002209308
453,3,3,4,9,56,29,25,0.002165551
454,3,3,4,4,57,29,25,0.004140997
455,3,3,7,4,58,29,25,0.005308508
456,3,3,4,4,59,29,25,0.003704154
457,0,0,0,0,60,29,25,-1.0
458,3,1,7,7,61,29,25,0.00777819
459,1,4,5,10,62,29,25,0.015780807
460,3,1,7,7,63,29,25,0.007276507
461,0,0,0,0,64,29,25,-1.0
462,3,1,7,7,54,30,25,0.007409308
463,3,3,4,4,55,30,25,0.003277158
464,3,3,4,4,56,30,25,0.004471873
465,3,3,4,4,57,30,25,0.00383924
466,3,3,7,4,58,30,25,0.005180826
467,3,3,4,9,59,30,25,0.002778071
468,0,0,0,0,60,30,25,-1.0
469,3,1,1,1,61,30,25,0.009782111
470,1,4,5,5,62,30,25,0.017819615
471,3,1,7,7,63,30,25,0.00748949
472,0,0,0,0,64,30,25,-1.0
473,1,1,1,1,54,31,25,0.012471112
474,3,3,7,7,55,31,25,0.007022626
475,1,1,1,1,56,31,25,0.012052226
476,3,3,7,7,57,31,25,0.006307582
477,3,3,7,4,58,31,25,0.005417957
478,3,3,4,4,59,31,25,0.004350032
479,0,0,0,0,60,31,25,-1.0
480,1,1,1,10,61,31,25,0.015282397
481,1,4,5,8,62,31,25,0.023767209
482,3,1,7,7,63,31,25,0.008295354
483,0,0,0,0,64,31,25,-1.0
484,1,4,5,10,54,32,25,0.015923398
485,1,1,1,10,55,32,25,0.015155318
486,2,2,3,3,56,32,25,0.032886125
487,1,1,5,10,57,32,25,0.015696062
488,3,1,7,1,58,32,25,0.009293567
489,3,3,7,7,59,32,25,0.006461524
490,0,0,0,0,60,32,25,-1.0
491,1,4,5,5,61,32,25,0.020635284
492,1,4,3,12,62,32,25,0.026184143
493,3,1,7,7,63,32,25,0.008124576
494,0,0,0,0,64,32,25,-1.0
495,1,4,5,5,54,33,25,0.016988391
496,2,2,3,12,55,33,25,0.029585276
497,2,5,6,6,56,33,25,0.05282402
498,1,4,3,12,57,33,25,0.028560521
499,1,1,1,10,58,33,25,0.01516543
500,3,1,7,1,59,33,25,0.008956683
501,1,4,5,5,61,33,25,0.018588947
502,1,4,3,12,62,33,25,0.02666445
503,3,1,7,7,63,33,25,0.007657793
504,0,0,0,0,64,33,25,-1.0
505,3,3,4,9,53,34,25,0.00152633
506,1,1,1,10,54,34,25,0.012645097
507,2,2,3,12,55,34,25,0.030228019
508,2,5,2,2,56,34,25,0.056424793
509,1,4,3,12,57,34,25,0.026928373
510,1,4,5,5,58,34,25,0.017014768
511,1,1,1,1,59,34,25,0.010292204
512,1,4,5,10,61,34,25,0.015926216
513,1,4,3,12,62,34,25,0.02761043
514,3,3,4,9,53,35,25,0.000761596
515,1,4,5,5,55,35,25,0.017451227
516,1,1,1,10,57,35,25,0.015122946
517,1,1,1,1,58,35,25,0.012269998
518,3,1,7,7,59,35,25,0.007754938
519,0,0,0,0,60,35,25,-1.0
520,3,3,7,7,55,36,25,0.00581715
521,3,3,7,7,58,36,25,0.005610137
522,0,0,0,0,60,26,26,-1.0
523,3,3,4,4,57,27,26,0.003998709
524,3,3,7,4,58,27,26,0.00517413
525,3,3,7,7,59,27,26,0.007001508
526,0,0,0,0,60,27,26,-1.0
527,1,1,1,1,61,27,26,0.010786267
528,3,3,4,4,54,28,26,0.003629223
529,1,1,1,10,55,28,26,0.014009474
530,3,3,4,4,56,28,26,0.004520529
531,3,3,4,4,57,28,26,0.00450147
532,3,3,7,7,58,28,26,0.006998665
533,3,3,4,4,59,28,26,0.004524206
534,0,0,0,0,60,28,26,-1.0
535,3,3,7,7,61,28,26,0.006899186
536,1,1,1,10,62,28,26,0.013300596
537,3,3,7,7,63,28,26,0.006514004
538,0,0,0,0,64,28,26,-1.0
539,3,3,4,9,54,29,26,0.002838443
540,3,3,4,9,55,29,26,0.001683335
541,3,3,4,9,56,29,26,0.001628513
542,3,3,4,4,57,29,26,0.004395511
543,3,3,7,7,58,29,26,0.00692666
544,3,3,4,4,59,29,26,0.003297812
545,0,0,0,0,60,29,26,-1.0
546,3,3,4,4,61,29,26,0.004719462
547,1,1,1,10,62,29,26,0.013619322
548,3,3,7,4,63,29,26,0.004949858
549,0,0,0,0,64,29,26,-1.0
550,3,3,4,4,54,30,26,0.003642865
551,3,3,4,9,55,30,26,0.001526025
552,3,3,4,9,56,30,26,0.001701276
553,3,3,4,4,57,30,26,0.003326857
554,3,3,7,7,58,30,26,0.005716052
555,3,3,4,9,59,30,26,0.002834766
556,0,0,0,0,60,30,26,-1.0
557,3,1,7,7,61,30,26,0.007933213
558,1,1,1,10,62,30,26,0.014280461
559,3,3,7,4,63,30,26,0.004951894
560,0,0,0,0,64,30,26,-1.0
561,3,1,7,7,54,31,26,0.007163925
562,3,3,4,9,55,31,26,0.00266283
563,3,3,4,4,56,31,26,0.004311394
564,3,3,4,4,57,31,26,0.003289953
565,3,3,7,4,58,31,26,0.00532974
566,3,3,4,4,59,31,26,0.003932838
567,0,0,0,0,60,31,26,-1.0
568,1,1,1,1,61,31,26,0.01238794
569,1,4,5,5,62,31,26,0.019803379
570,3,3,7,7,63,31,26,0.005947399
571,0,0,0,0,64,31,26,-1.0
572,3,1,1,1,54,32,26,0.00952299
573,3,3,7,4,55,32,26,0.005137501
574,1,1,1,1,56,32,26,0.01202435
575,3,1,7,7,57,32,26,0.007308313
576,3,1,7,7,58,32,26,0.008268217
577,3,3,7,7,59,32,26,0.006511665
578,0,0,0,0,60,32,26,-1.0
579,1,4,5,10,61,32,26,0.016259205
580,1,4,5,8,62,32,26,0.021939272
581,3,3,7,7,63,32,26,0.006030415
582,0,0,0,0,64,32,26,-1.0
583,3,3,4,9,53,33,26,0.001329098
584,3,1,1,1,54,33,26,0.009772166
585,3,1,7,7,55,33,26,0.00860723
586,1,4,5,5,56,33,26,0.020357704
587,1,1,1,10,57,33,26,0.014004867
588,1,1,1,10,58,33,26,0.013750113
589,3,1,7,1,59,33,26,0.009054947
590,0,0,0,0,60,33,26,-1.0
591,1,4,5,8,62,33,26,0.02337708
592,3,3,4,9,53,34,26,0.000875871
593,3,1,7,7,54,34,26,0.007068403
594,3,1,7,1,55,34,26,0.009087662
595,1,4,5,8,56,34,26,0.023494717
596,1,1,1,10,57,34,26,0.013866541
597,1,4,5,10,58,34,26,0.016650533
598,3,1,1,1,59,34,26,0.00964446
599,0,0,0,0,60,34,26,-1.0
600,3,3,4,4,54,35,26,0.003516543
601,3,3,7,7,55,35,26,0.005926448
602,1,4,5,10,56,35,26,0.016053528
603,3,1,7,7,57,35,26,0.008435248
604,1,1,1,1,58,35,26,0.01093819
605,3,3,7,7,59,35,26,0.006582649
606,0,0,0,0,60,35,26,-1.0
607,3,3,4,9,55,36,26,0.002099828
608,3,3,4,4,57,36,26,0.002888816
609,3,3,4,4,58,36,26,0.003903031
610,0,0,0,0,60,26,27,-1.0
611,1,4,3,12,55,27,27,0.026843833
612,3,3,4,4,56,27,27,0.004584425
613,3,3,4,4,57,27,27,0.004798579
614,3,3,4,4,58,27,27,0.003726858
615,3,3,7,4,59,27,27,0.004960688
616,3,1,7,1,61,27,27,0.008897536
617,1,1,1,10,62,27,27,0.014147673
618,3,3,4,4,54,28,27,0.003470263
619,1,4,5,5,55,28,27,0.020329727
620,3,3,4,4,56,28,27,0.004163685
621,3,3,7,7,57,28,27,0.005821135
622,3,3,7,7,58,28,27,0.005699281
623,3,3,4,4,59,28,27,0.003079041
624,0,0,0,0,60,28,27,-1.0
625,3,3,7,7,61,28,27,0.005786358
626,1,1,1,10,62,28,27,0.013153724
627,3,3,7,7,63,28,27,0.006755771
628,0,0,0,0,64,28,27,-1.0
629,3,3,4,9,54,29,27,0.001141714
630,3,3,4,9,55,29,27,0.001920476
631,3,3,4,9,56,29,27,0.001274075
632,3,3,7,7,57,29,27,0.005483653
633,3,3,7,7,58,29,27,0.00663276
634,3,3,4,9,59,29,27,0.002616014
635,0,0,0,0,60,29,27,-1.0
636,3,3,4,4,61,29,27,0.004670217
637,1,1,1,10,62,29,27,0.012977649
638,3,3,4,4,63,29,27,0.004216994
639,0,0,0,0,64,29,27,-1.0
640,3,3,4,9,54,30,27,0.001864656
641,3,3,4,9,55,30,27,0.001509993
642,3,3,4,9,56,30,27,0.000733875
643,3,3,4,4,57,30,27,0.00296331
644,3,3,7,7,58,30,27,0.006388204
645,3,3,4,4,59,30,27,0.002971492
646,0,0,0,0,60,30,27,-1.0
647,3,3,7,7,61,30,27,0.006839148
648,1,1,1,10,62,30,27,0.013713952
649,3,3,7,4,63,30,27,0.005203272
650,0,0,0,0,64,30,27,-1.0
651,3,3,4,4,54,31,27,0.003898301
652,3,3,4,9,55,31,27,0.001721149
653,3,3,4,9,56,31,27,0.001053379
654,3,3,4,9,57,31,27,0.001994853
655,3,3,7,7,58,31,27,0.006053991
656,3,3,4,4,59,31,27,0.004240615
657,0,0,0,0,60,31,27,-1.0
658,1,4,5,10,62,31,27,0.016186854
659,3,3,7,4,63,31,27,0.005251845
660,3,3,7,4,54,32,27,0.004893767
661,3,3,4,9,55,32,27,0.002076276
662,3,3,4,9,56,32,27,0.002609509
663,3,3,4,4,57,32,27,0.003449234
664,3,1,7,7,58,32,27,0.007849154
665,0,0,0,0,60,32,27,-1.0
666,1,4,5,5,62,32,27,0.018259607
667,3,3,4,9,53,33,27,0.000826554
668,3,3,4,4,54,33,27,0.004271899
669,3,3,4,9,55,33,27,0.002198733
670,3,3,4,4,56,33,27,0.004188253
671,3,3,7,7,57,33,27,0.006401048
672,1,1,1,1,58,33,27,0.012290929
673,3,1,7,7,59,33,27,0.008531502
674,0,0,0,0,60,33,27,-1.0
675,3,3,4,9,53,34,27,0.000360927
676,3,3,4,9,54,34,27,0.002457447
677,3,3,4,4,55,34,27,0.002852736
678,3,3,7,7,56,34,27,0.005515674
679,3,3,7,7,57,34,27,0.006281973
680,1,1,1,10,58,34,27,0.015403226
681,3,1,1,1,59,34,27,0.00941632
682,3,3,4,9,54,35,27,0.001053348
683,3,3,4,9,55,35,27,0.00276101
684,3,3,7,7,56,35,27,0.005922047
685,3,3,4,4,57,35,27,0.003927881
686,3,1,7,1,58,35,27,0.009264096
687,3,3,4,9,55,36,27,0.001216397
688,3,3,4,9,56,26,28,0.002163271
689,0,0,0,0,60,26,28,-1.0
690,1,1,1,1,55,27,28,0.012505907
691,3,3,4,9,58,27,28,0.002261634
692,3,3,4,4,59,27,28,0.003907502
693,0,0,0,0,60,27,28,-1.0
694,3,1,7,1,61,27,28,0.008905232
695,1,4,5,5,62,27,28,0.018875666
696,3,3,4,9,54,28,28,0.001781763
697,1,1,1,1,55,28,28,0.009844301
698,0,0,0,0,60,28,28,-1.0
699,3,3,7,7,61,28,28,0.005481117
700,1,1,1,10,62,28,28,0.012808239
701,3,1,7,7,63,28,28,0.007324661
702,3,3,4,9,54,29,28,0.000649854
703,3,3,4,9,55,29,28,0.001437277
704,3,3,4,4,57,29,28,0.003703892
705,3,3,7,7,61,29,28,0.005470474
706,1,1,1,10,62,29,28,0.013716802
707,3,3,4,4,63,29,28,0.004382456
708,0,0,0,0,64,29,28,-1.0
709,3,3,4,9,54,30,28,0.001457935
710,3,3,4,9,55,30,28,0.002233333
711,3,3,4,9,57,30,28,0.002400334
712,3,3,7,7,63,30,28,0.006295241
713,0,0,0,0,64,30,28,-1.0
714,3,3,4,4,54,31,28,0.002946072
715,3,3,4,9,55,31,28,0.002458948
716,3,3,4,4,54,32,28,0.003594209
717,3,3,4,9,55,32,28,0.002072868
718,3,3,4,4,54,33,28,0.002882817
719,3,3,4,9,55,33,28,0.001598662
720,3,3,4,9,56,33,28,0.001623281
721,1,1,1,1,58,33,28,0.010162617
722,3,3,4,9,53,34,28,0.000237281
723,3,3,4,9,54,34,28,0.001303959
724,3,3,4,9,55,34,28,0.002778754
725,3,3,7,7,59,34,28,0.006534027
726,3,3,4,9,54,35,28,0.000546215
727,3,3,4,4,55,35,28,0.00330142
728,3,3,4,9,56,35,28,0.002676342
729,3,3,4,9,57,35,28,0.002019397
730,3,1,7,7,58,35,28,0.007652789
731,3,3,4,9,54,36,28,0.000283261
732,3,3,4,9,57,36,28,0.000747087
733,3,3,4,9,56,26,29,0.001345836
734,0,0,0,0,60,26,29,-1.0
735,3,3,7,7,55,27,29,0.005523961
736,3,3,4,9,57,27,29,0.001885099
737,3,3,4,9,58,27,29,0.001345911
738,3,3,4,4,59,27,29,0.003334579
739,0,0,0,0,60,27,29,-1.0
740,3,1,1,1,61,27,29,0.009392548
741,1,4,5,5,62,27,29,0.018617041
742,3,3,4,9,54,28,29,0.001041283
743,3,3,4,4,55,28,29,0.004102275
744,0,0,0,0,60,28,29,-1.0
745,3,3,7,7,61,28,29,0.006113817
746,1,1,1,1,62,28,29,0.011829988
747,3,1,7,7,63,28,29,0.00806525
748,0,0,0,0,64,28,29,-1.0
749,3,3,4,9,54,29,29,0.001149444
750,3,3,4,9,55,29,29,0.001356832
751,3,3,4,9,57,29,29,0.002196505
752,3,3,7,7,61,29,29,0.006869876
753,1,1,1,10,62,29,29,0.014992894
754,3,3,4,4,63,29,29,0.004325577
755,0,0,0,0,64,29,29,-1.0
756,3,3,4,9,54,30,29,0.002501706
757,3,3,4,9,55,30,29,0.002436369
758,3,3,4,9,57,30,29,0.002217
759,3,3,4,4,59,30,29,0.003669024
760,3,3,7,7,63,30,29,0.005887431
761,0,0,0,0,64,30,29,-1.0
762,3,3,4,4,54,31,29,0.004251551
763,3,3,4,9,55,31,29,0.002679704
764,0,0,0,0,60,31,29,-1.0
765,3,3,7,7,54,32,29,0.005921528
766,3,3,4,9,55,32,29,0.002390386
767,3,3,4,9,56,32,29,0.00151848
768,3,3,7,4,54,33,29,0.005166821
769,3,3,4,9,55,33,29,0.00225071
770,3,3,4,9,56,33,29,0.001264066
771,3,1,1,1,58,33,29,0.009366349
772,3,3,4,9,53,34,29,0.000489253
773,3,3,4,9,54,34,29,0.001946169
774,3,3,4,4,55,34,29,0.003480291
775,1,1,1,1,58,34,29,0.010749511
776,3,3,4,4,59,34,29,0.004280459
777,3,3,4,9,54,35,29,0.000635649
778,3,3,4,4,55,35,29,0.004034276
779,3,3,4,9,56,35,29,0.00273208
780,3,3,4,9,57,35,29,0.001719651
781,3,1,7,7,58,35,29,0.007062529
782,0,0,0,0,60,26,30,-1.0
783,3,3,7,7,55,27,30,0.006924349
784,3,3,4,9,56,27,30,0.001987979
785,3,3,4,4,57,27,30,0.003194425
786,3,3,4,9,58,27,30,0.001672378
787,3,3,4,4,59,27,30,0.004076087
788,1,1,1,1,61,27,30,0.010407678
789,1,1,1,10,62,27,30,0.015338578
790,3,3,4,9,54,28,30,0.001732686
791,3,3,4,4,55,28,30,0.004646064
792,3,3,4,9,56,28,30,0.001202303
793,3,3,4,9,57,28,30,0.002231387
794,3,3,4,9,58,28,30,0.001915479
795,3,3,4,9,59,28,30,0.001935973
796,0,0,0,0,60,28,30,-1.0
797,3,1,7,1,61,28,30,0.008762122
798,1,1,1,1,62,28,30,0.011567916
799,3,1,7,7,63,28,30,0.007106304
800,0,0,0,0,64,28,30,-1.0
801,3,3,4,9,54,29,30,0.002041257
802,3,3,4,9,55,29,30,0.001572018
803,3,3,4,9,56,29,30,0.001018993
804,3,3,4,9,57,29,30,0.002040589
805,3,3,4,4,58,29,30,0.004357314
806,3,3,4,9,59,29,30,0.00223162
807,0,0,0,0,60,29,30,-1.0
808,1,1,1,1,61,29,30,0.00982004
809,1,4,5,5,62,29,30,0.018150527
810,3,3,7,7,63,29,30,0.005599373
811,0,0,0,0,64,29,30,-1.0
812,3,3,4,4,54,30,30,0.003652365
813,3,3,4,9,55,30,30,0.001953413
814,3,3,4,9,56,30,30,0.001229182
815,3,3,4,9,57,30,30,0.002319814
816,3,3,7,7,58,30,30,0.005930874
817,3,3,4,4,59,30,30,0.003767134
818,0,0,0,0,60,30,30,-1.0
819,3,1,7,1,61,30,30,0.008956258
820,1,4,5,8,62,30,30,0.023962114
821,3,3,7,7,63,30,30,0.00691857
822,0,0,0,0,64,30,30,-1.0
823,3,3,7,7,54,31,30,0.005521758
824,3,3,4,9,55,31,30,0.001968206
825,3,3,4,9,56,31,30,0.001338753
826,3,3,4,9,57,31,30,0.001995853
827,3,3,4,4,58,31,30,0.004507782
828,3,3,7,4,59,31,30,0.005190574
829,0,0,0,0,60,31,30,-1.0
830,1,4,5,5,62,31,30,0.020573491
831,3,3,7,7,63,31,30,0.005483634
832,3,1,7,7,54,32,30,0.007986829
833,3,3,4,9,55,32,30,0.00221854
834,3,3,4,9,56,32,30,0.001573979
835,3,3,4,9,57,32,30,0.002692872
836,3,3,7,7,58,32,30,0.00600568
837,0,0,0,0,60,32,30,-1.0
838,1,4,5,8,62,32,30,0.021567823
839,3,3,4,9,53,33,30,0.002029375
840,3,1,7,7,54,33,30,0.007117687
841,3,3,4,9,55,33,30,0.00260849
842,3,3,4,9,56,33,30,0.001289197
843,3,3,4,4,57,33,30,0.00323898
844,3,1,7,1,58,33,30,0.009038732
845,3,3,7,4,59,33,30,0.005142486
846,0,0,0,0,60,33,30,-1.0
847,3,3,4,9,53,34,30,0.000907178
848,3,3,4,9,54,34,30,0.002625121
849,3,3,4,4,55,34,30,0.002980051
850,3,3,4,9,56,34,30,0.001625088
851,3,3,4,9,57,34,30,0.002472864
852,1,1,1,1,58,34,30,0.010207552
853,3,3,4,4,59,34,30,0.00410453
854,3,3,4,9,54,35,30,0.000688263
855,3,3,4,9,55,35,30,0.002735499
856,3,3,4,9,56,35,30,0.00230636
857,3,3,4,9,57,35,30,0.001556767
858,3,1,7,7,58,35,30,0.007541332
859,3,3,4,9,55,36,30,0.001641413
860,0,0,0,0,60,26,31,-1.0
861,3,3,4,4,54,27,31,0.004545883
862,3,3,4,4,57,27,31,0.003046617
863,3,3,4,9,58,27,31,0.002830788
864,3,3,7,7,59,27,31,0.006132604
865,0,0,0,0,60,27,31,-1.0
866,1,1,1,1,61,27,31,0.011144924
867,1,1,1,1,62,27,31,0.01229426
868,1,1,1,1,63,27,31,0.010699088
869,3,3,4,4,54,28,31,0.003306405
870,3,1,1,1,55,28,31,0.009704477
871,3,3,4,9,56,28,31,0.0019593
872,3,3,4,9,57,28,31,0.002234076
873,3,3,4,9,58,28,31,0.002349742
874,3,3,4,4,59,28,31,0.004004126
875,0,0,0,0,60,28,31,-1.0
876,1,1,1,1,61,28,31,0.010070424
877,1,1,1,1,62,28,31,0.012515483
878,3,3,7,7,63,28,31,0.00610203
879,0,0,0,0,64,28,31,-1.0
880,3,3,4,4,54,29,31,0.002865667
881,3,3,4,9,55,29,31,0.001982778
882,3,3,4,9,56,29,31,0.001267682
883,3,3,4,9,57,29,31,0.002231577
884,3,3,4,4,58,29,31,0.003377514
885,3,3,4,4,59,29,31,0.003566168
886,0,0,0,0,60,29,31,-1.0
887,1,1,1,1,61,29,31,0.011266793
888,1,4,5,8,62,29,31,0.02198646
889,3,1,7,7,63,29,31,0.007337309
890,0,0,0,0,64,29,31,-1.0
891,3,3,4,4,54,30,31,0.004287078
892,3,3,4,9,55,30,31,0.001750075
893,3,3,4,9,56,30,31,0.001435806
894,3,3,4,9,57,30,31,0.002522449
895,3,3,4,4,58,30,31,0.00391598
896,3,3,4,4,59,30,31,0.004339677
897,0,0,0,0,60,30,31,-1.0
898,1,1,1,1,61,30,31,0.009948852
899,1,4,3,12,62,30,31,0.028102648
900,3,1,7,7,63,30,31,0.008722258
901,0,0,0,0,64,30,31,-1.0
902,3,3,7,7,54,31,31,0.005540136
903,3,3,4,9,55,31,31,0.001587689
904,3,3,4,9,56,31,31,0.001581287
905,3,3,4,9,57,31,31,0.002206128
906,3,3,4,4,58,31,31,0.003233868
907,3,3,7,7,59,31,31,0.00547288
908,0,0,0,0,60,31,31,-1.0
909,1,1,1,1,61,31,31,0.010620398
910,1,4,5,8,62,31,31,0.024007203
911,3,3,7,7,63,31,31,0.006753768
912,0,0,0,0,64,31,31,-1.0
913,3,3,7,7,54,32,31,0.006888033
914,3,3,4,9,55,32,31,0.001878796
915,3,3,4,9,56,32,31,0.001950669
916,3,3,4,4,57,32,31,0.003431565
917,3,3,7,4,58,32,31,0.005128724
918,3,3,7,7,59,32,31,0.006249609
919,0,0,0,0,60,32,31,-1.0
920,1,1,1,10,61,32,31,0.014013835
921,1,4,5,8,62,32,31,0.023426011
922,3,3,7,7,63,32,31,0.006183508
923,0,0,0,0,64,32,31,-1.0
924,3,3,4,9,53,33,31,0.002487533
925,3,3,7,7,54,33,31,0.00563475
926,3,3,4,9,55,33,31,0.002173803
927,3,3,4,9,56,33,31,0.001889442
928,3,3,4,4,57,33,31,0.004376133
929,3,1,7,7,58,33,31,0.008124634
930,3,3,7,7,59,33,31,0.006734202
931,0,0,0,0,60,33,31,-1.0
932,1,4,3,12,62,33,31,0.026610345
933,3,3,4,9,53,34,31,0.001074364
934,3,3,4,9,54,34,31,0.002298626
935,3,3,4,9,55,34,31,0.001915648
936,3,3,4,9,56,34,31,0.001486785
937,3,3,4,4,57,34,31,0.003434551
938,1,1,1,1,58,34,31,0.009855957
939,3,3,7,7,59,34,31,0.006218432
940,0,0,0,0,60,34,31,-1.0
941,1,1,1,10,61,34,31,0.012723568
942,1,4,3,12,62,34,31,0.026560444
943,3,3,4,9,54,35,31,0.000857223
944,3,3,4,9,55,35,31,0.001213225
945,3,3,4,9,56,35,31,0.001067747
946,3,3,4,9,57,35,31,0.002055003
947,3,1,1,1,58,35,31,0.00954887
948,3,3,4,4,59,35,31,0.004767559
949,0,0,0,0,60,35,31,-1.0
950,3,3,4,9,54,36,31,0.000444334
951,3,3,4,9,55,36,31,0.000450974
952,3,3,4,9,57,36,31,0.001040259
953,3,3,7,7,58,36,31,0.006090953
954,3,3,4,4,57,27,32,0.003155479
955,3,3,7,7,58,27,32,0.006599836
956,1,1,1,1,59,27,32,0.010386275
957,0,0,0,0,60,27,32,-1.0
958,1,1,1,1,61,27,32,0.011820537
959,1,1,1,10,62,27,32,0.014395771
960,3,1,7,7,63,27,32,0.007184304
961,0,0,0,0,64,27,32,-1.0
962,3,3,4,4,54,28,32,0.003272086
963,3,3,4,9,57,28,32,0.00247419
964,3,3,7,7,58,28,32,0.005842632
965,3,1,1,1,59,28,32,0.009361947
966,0,0,0,0,60,28,32,-1.0
967,1,1,1,1,61,28,32,0.010407089
968,1,4,5,10,62,28,32,0.016196784
969,3,3,7,7,63,28,32,0.006375959
970,0,0,0,0,64,28,32,-1.0
971,3,3,4,4,54,29,32,0.002953635
972,3,3,4,9,55,29,32,0.002348636
973,3,3,4,9,56,29,32,0.002107508
974,3,3,4,9,57,29,32,0.002662855
975,3,3,7,7,58,29,32,0.005462876
976,3,1,1,1,59,29,32,0.009508721
977,0,0,0,0,60,29,32,-1.0
978,1,1,1,1,61,29,32,0.011016714
979,1,4,5,8,62,29,32,0.02185391
980,3,1,7,7,63,29,32,0.007395479
981,0,0,0,0,64,29,32,-1.0
982,3,3,4,4,54,30,32,0.004327351
983,3,3,4,9,55,30,32,0.002196091
984,3,3,4,9,56,30,32,0.002442594
985,3,3,4,4,57,30,32,0.003658717
986,3,3,4,4,58,30,32,0.004709195
987,3,1,1,1,59,30,32,0.00974136
988,0,0,0,0,60,30,32,-1.0
989,1,1,1,1,61,30,32,0.010379655
990,1,4,3,12,62,30,32,0.026262786
991,3,1,7,7,63,30,32,0.008398392
992,0,0,0,0,64,30,32,-1.0
993,3,3,7,4,54,31,32,0.005255976
994,3,3,4,9,55,31,32,0.002270173
995,3,3,4,4,56,31,32,0.003094347
996,3,3,7,7,57,31,32,0.005501213
997,3,3,4,4,58,31,32,0.004269692
998,1,1,1,1,59,31,32,0.009823981
999,0,0,0,0,60,31,32,-1.0
1000,1,1,1,1,61,31,32,0.0113401
1001,1,4,3,12,62,31,32,0.02580874
1002,3,1,7,7,63,31,32,0.008144161
1003,0,0,0,0,64,31,32,-1.0
1004,3,3,7,4,54,32,32,0.005193174
1005,3,3,4,4,55,32,32,0.002977138
1006,3,3,4,4,56,32,32,0.004315211
1007,3,1,1,1,57,32,32,0.009735024
1008,3,3,7,7,58,32,32,0.006359739
1009,1,1,1,1,59,32,32,0.009900597
1010,0,0,0,0,60,32,32,-1.0
1011,1,1,1,10,61,32,32,0.014123066
1012,1,4,3,8,62,32,32,0.025005559
1013,3,1,7,7,63,32,32,0.007218636
1014,0,0,0,0,64,32,32,-1.0
1015,3,3,4,4,54,33,32,0.003803935
1016,3,3,4,4,55,33,32,0.003471033
1017,3,3,4,4,56,33,32,0.00468845
1018,1,1,1,1,57,33,32,0.010828828
1019,3,1,7,1,58,33,32,0.009090371
1020,1,1,1,1,59,33,32,0.010165872
1021,1,1,1,10,61,33,32,0.015223812
1022,1,4,3,12,62,33,32,0.027224733
1023,1,1,1,1,63,33,32,0.01167822
1024,0,0,0,0,64,33,32,-1.0
1025,3,3,4,9,53,34,32,0.001974417
1026,3,3,4,9,54,34,32,0.002109547
1027,3,3,4,4,55,34,32,0.003004599
1028,3,3,4,4,56,34,32,0.003316698
1029,3,1,7,7,57,34,32,0.007469418
1030,1,1,1,1,58,34,32,0.011722574
1031,1,1,1,1,59,34,32,0.010269662
1032,1,1,1,1,61,34,32,0.010807816
1033,1,4,3,12,62,34,32,0.028327424
1034,3,3,4,9,53,35,32,0.001434194
1035,3,3,4,9,54,35,32,0.001436062
1036,3,3,4,9,55,35,32,0.001559542
1037,3,3,4,4,57,35,32,0.004097099
1038,1,1,1,10,58,35,32,0.014839842
1039,3,1,7,1,59,35,32,0.009320277
1040,0,0,0,0,60,35,32,-1.0
1041,3,3,4,9,55,36,32,0.000394849
1042,3,3,4,9,57,36,32,0.001779129
1043,3,1,1,1,58,36,32,0.009443184
1044,3,3,4,4,59,36,32,0.004174386
1045,3,3,4,9,57,37,32,0.000645439
1046,3,3,4,9,54,25,33,0.002425915
1047,3,3,4,9,54,26,33,0.002165177
1048,3,3,7,7,55,27,33,0.006923022
1049,3,3,4,4,57,27,33,0.004810239
1050,0,0,0,0,60,27,33,-1.0
1051,1,1,1,1,61,27,33,0.011654109
1052,1,4,5,10,62,27,33,0.015881488
1053,3,3,7,7,63,27,33,0.007010581
1054,0,0,0,0,64,27,33,-1.0
1055,3,3,4,9,54,28,33,0.002438887
1056,3,3,7,4,55,28,33,0.005081765
1057,3,3,4,9,56,28,33,0.002262718
1058,3,3,4,4,57,28,33,0.003393967
1059,1,1,1,1,58,28,33,0.011170762
1060,1,4,5,5,59,28,33,0.017909767
1061,0,0,0,0,60,28,33,-1.0
1062,1,1,1,1,61,28,33,0.011800546
1063,1,4,5,5,62,28,33,0.018282063
1064,3,1,7,7,63,28,33,0.007471035
1065,0,0,0,0,64,28,33,-1.0
1066,0,0,0,0,65,28,33,-1.0
1067,3,3,4,4,54,29,33,0.002951728
1068,3,3,4,9,55,29,33,0.002658957
1069,3,3,4,9,56,29,33,0.002458741
1070,3,3,4,4,57,29,33,0.00317562
1071,1,1,1,1,58,29,33,0.010734497
1072,1,4,5,5,59,29,33,0.01759905
1073,0,0,0,0,60,29,33,-1.0
1074,1,1,1,1,61,29,33,0.012090821
1075,1,4,5,5,62,29,33,0.019335669
1076,3,1,7,7,63,29,33,0.007692612
1077,0,0,0,0,64,29,33,-1.0
1078,3,3,4,4,54,30,33,0.004285353
1079,3,3,4,4,55,30,33,0.003335885
1080,3,3,4,4,56,30,33,0.003548114
1081,3,3,7,7,57,30,33,0.00680586
1082,1,1,1,1,58,30,33,0.009941585
1083,1,4,5,5,59,30,33,0.017325332
1084,0,0,0,0,60,30,33,-1.0
1085,1,1,1,1,61,30,33,0.011672825
1086,1,4,5,8,62,30,33,0.022459252
1087,3,1,7,7,63,30,33,0.008645035
1088,0,0,0,0,64,30,33,-1.0
1089,3,3,4,4,55,31,33,0.004341767
1090,3,1,7,7,56,31,33,0.007129836
1091,1,1,5,10,57,31,33,0.015644344
1092,1,1,1,1,58,31,33,0.011218656
1093,1,4,5,10,59,31,33,0.016300263
1094,0,0,0,0,60,31,33,-1.0
1095,1,1,1,1,61,31,33,0.012007756
1096,1,4,3,12,62,31,33,0.026507461
1097,1,1,1,1,63,31,33,0.010159545
1098,0,0,0,0,64,31,33,-1.0
1099,3,3,7,4,54,32,33,0.00545278
1100,3,1,7,7,55,32,33,0.007741568
1101,1,1,1,1,56,32,33,0.011546548
1102,1,4,3,12,57,32,33,0.028053166
1103,1,4,5,5,58,32,33,0.017358681
1104,1,1,1,10,59,32,33,0.015351443
1105,0,0,0,0,60,32,33,-1.0
1106,1,1,1,10,61,32,33,0.014044806
1107,1,4,3,12,62,32,33,0.026858076
1108,3,1,7,1,63,32,33,0.008945671
1109,0,0,0,0,64,32,33,-1.0
1110,3,3,4,4,54,33,33,0.004848884
1111,1,1,1,1,55,33,33,0.010333231
1112,1,1,1,1,56,33,33,0.011150417
1113,1,4,3,12,57,33,33,0.02616504
1114,1,4,5,5,58,33,33,0.017055752
1115,1,1,1,10,59,33,33,0.014176023
1116,1,1,1,10,61,33,33,0.014484843
1117,1,4,3,12,62,33,33,0.02662741
1118,1,1,1,1,63,33,33,0.010621666
1119,0,0,0,0,64,33,33,-1.0
1120,3,3,4,4,54,34,33,0.003806946
1121,3,1,1,1,55,34,33,0.009580325
1122,3,3,7,7,56,34,33,0.006783909
1123,1,1,1,1,57,34,33,0.012524241
1124,1,4,5,10,58,34,33,0.015833424
1125,1,1,1,10,59,34,33,0.014851653
1126,1,4,3,12,62,34,33,0.02681691
1127,1,1,1,10,63,34,33,0.015000876
1128,3,3,4,9,54,35,33,0.002698286
1129,3,3,4,4,55,35,33,0.004771547
1130,3,3,4,9,56,35,33,0.00278775
1131,3,3,7,7,57,35,33,0.005634125
1132,1,4,5,8,58,35,33,0.021116478
1133,1,1,1,1,63,35,33,0.01010683
1134,3,3,4,9,54,36,33,0.00142889
1135,3,3,4,9,56,36,33,0.000641902
1136,3,3,4,9,57,36,33,0.002254459
1137,1,1,1,1,58,36,33,0.012142859
1138,3,3,7,7,59,36,33,0.00647837
1139,3,3,4,9,58,37,33,0.002753201
1140,3,3,4,9,54,25,34,0.002603003
1141,3,3,4,9,54,26,34,0.002167552
1142,3,1,7,7,63,26,34,0.008658917
1143,3,3,4,9,54,27,34,0.001941458
1144,3,3,4,4,55,27,34,0.003008672
1145,3,1,1,1,61,27,34,0.009778695
1146,1,1,1,10,62,27,34,0.013844698
1147,3,1,7,7,63,27,34,0.00796318
1148,0,0,0,0,64,27,34,-1.0
1149,3,3,4,9,54,28,34,0.002624665
1150,3,3,4,9,55,28,34,0.002665425
1151,3,3,4,4,56,28,34,0.003892
1152,3,3,7,7,57,28,34,0.006622848
1153,1,4,5,10,58,28,34,0.016446562
1154,1,4,3,8,59,28,34,0.025379838
1155,0,0,0,0,60,28,34,-1.0
1156,1,1,1,1,61,28,34,0.011270745
1157,1,4,5,10,62,28,34,0.016597388
1158,3,1,7,7,63,28,34,0.008650351
1159,0,0,0,0,64,28,34,-1.0
1160,0,0,0,0,65,28,34,-1.0
1161,3,3,4,9,53,29,34,0.001918433
1162,3,3,4,4,54,29,34,0.003765296
1163,3,3,4,4,55,29,34,0.003899959
1164,3,3,4,4,56,29,34,0.004285067
1165,3,3,7,7,57,29,34,0.005741414
1166,1,4,5,5,58,29,34,0.01694023
1167,1,4,5,8,59,29,34,0.023078201
1168,0,0,0,0,60,29,34,-1.0
1169,1,1,1,10,61,29,34,0.012606939
1170,1,4,5,5,62,29,34,0.01833912
1171,1,1,1,1,63,29,34,0.010123019
1172,0,0,0,0,64,29,34,-1.0
1173,0,0,0,0,65,29,34,-1.0
1174,3,3,4,9,53,30,34,0.002466664
1175,3,3,7,4,54,30,34,0.004942606
1176,3,1,7,7,55,30,34,0.007053615
1177,3,1,7,7,56,30,34,0.008679776
1178,1,4,5,10,57,30,34,0.016072266
1179,1,4,5,5,58,30,34,0.017881574
1180,1,4,5,8,59,30,34,0.021772511
1181,0,0,0,0,60,30,34,-1.0
1182,1,1,1,10,61,30,34,0.01466625
1183,1,4,5,8,62,30,34,0.022904586
1184,1,1,1,1,63,30,34,0.011839305
1185,0,0,0,0,64,30,34,-1.0
1186,0,0,0,0,65,30,34,-1.0
1187,3,3,4,4,53,31,34,0.00323791
1188,3,3,7,7,54,31,34,0.006167194
1189,1,1,1,1,55,31,34,0.010407193
1190,1,4,5,5,56,31,34,0.019179555
1191,2,2,3,3,57,31,34,0.036437284
1192,1,4,5,8,58,31,34,0.024471914
1193,1,4,5,5,59,31,34,0.019605301
1194,1,4,5,5,61,31,34,0.017908618
1195,1,4,3,12,62,31,34,0.028086623
1196,1,1,1,10,63,31,34,0.012640091
1197,0,0,0,0,64,31,34,-1.0
1198,3,3,7,4,52,32,34,0.004880113
1199,3,3,4,4,53,32,34,0.004768413
1200,3,1,7,1,54,32,34,0.0090367
1201,1,4,5,5,55,32,34,0.020458097
1202,1,4,3,12,56,32,34,0.027941572
1203,2,5,6,6,57,32,34,0.05127903
1204,2,2,6,3,58,32,34,0.041090194
1205,1,4,5,5,59,32,34,0.018066673
1206,0,0,0,0,60,32,34,-1.0
1207,1,4,5,5,61,32,34,0.017704196
1208,1,4,3,12,62,32,34,0.028319124
1209,1,1,1,1,63,32,34,0.011037231
1210,0,0,0,0,64,32,34,-1.0
1211,3,1,7,7,53,33,34,0.007533019
1212,1,1,1,1,54,33,34,0.010648282
1213,1,4,3,12,55,33,34,0.027163606
1214,1,4,5,8,56,33,34,0.02413465
1215,2,2,6,3,57,33,34,0.04055506
1216,2,2,3,3,58,33,34,0.03277974
1217,0,0,0,0,60,33,34,-1.0
1218,1,1,1,10,61,33,34,0.014965565
1219,1,4,3,8,62,33,34,0.025072763
1220,1,1,1,1,63,33,34,0.011588675
1221,0,0,0,0,64,33,34,-1.0
1222,3,1,7,7,53,34,34,0.007409955
1223,3,1,7,1,54,34,34,0.009091091
1224,1,4,5,8,55,34,34,0.024633868
1225,1,1,1,10,56,34,34,0.013063835
1226,1,1,1,10,57,34,34,0.014956303
1227,1,4,5,5,58,34,34,0.01812432
1228,1,1,1,10,59,34,34,0.015382121
1229,0,0,0,0,60,34,34,-1.0
1230,1,1,1,1,61,34,34,0.010115959
1231,1,1,1,10,63,34,34,0.014165176
1232,0,0,0,0,64,34,34,-1.0
1233,3,3,7,4,53,35,34,0.005060501
1234,3,3,4,4,54,35,34,0.004192208
1235,1,1,1,1,55,35,34,0.011258279
1236,3,3,4,4,56,35,34,0.004442416
1237,3,3,7,4,57,35,34,0.005024738
1238,1,4,5,10,58,35,34,0.016626425
1239,1,1,5,10,59,35,34,0.01569692
1240,0,0,0,0,60,35,34,-1.0
1241,3,3,4,9,54,36,34,0.001393688
1242,3,3,4,9,55,36,34,0.001790159
1243,3,3,4,9,56,36,34,0.000810281
1244,3,3,4,9,57,36,34,0.001627626
1245,3,1,7,7,58,36,34,0.008323435
1246,3,3,7,7,59,36,34,0.005712041
1247,3,3,4,9,58,37,34,0.001263568
1248,3,3,4,9,59,37,34,0.001068464
1249,3,3,7,7,54,26,35,0.006252925
1250,1,4,5,10,62,26,35,0.015994877
1251,1,1,1,10,53,27,35,0.013682359
1252,3,3,7,4,54,27,35,0.005084793
1253,3,3,4,4,55,27,35,0.003165858
1254,1,4,5,8,59,27,35,0.02413062
1255,3,1,7,7,61,27,35,0.007187247
1256,1,1,1,10,62,27,35,0.01395342
1257,0,0,0,0,64,27,35,-1.0
1258,3,3,7,7,53,28,35,0.005855357
1259,3,3,7,4,54,28,35,0.005332288
1260,3,3,4,4,55,28,35,0.003238608
1261,1,4,5,8,59,28,35,0.023070518
1262,0,0,0,0,60,28,35,-1.0
1263,3,1,7,7,61,28,35,0.00816936
1264,1,1,1,10,62,28,35,0.014994336
1265,1,1,1,1,63,28,35,0.009884301
1266,0,0,0,0,64,28,35,-1.0
1267,3,1,7,7,56,29,35,0.00866866
1268,1,1,1,1,57,29,35,0.010063147
1269,1,4,5,5,58,29,35,0.018622143
1270,1,4,5,8,59,29,35,0.021107044
1271,0,0,0,0,60,29,35,-1.0
1272,1,1,1,1,61,29,35,0.010578985
1273,1,4,5,5,62,29,35,0.018232297
1274,1,1,1,10,63,29,35,0.014317717
1275,0,0,0,0,64,29,35,-1.0
1276,0,0,0,0,65,29,35,-1.0
1277,3,3,4,4,53,30,35,0.002855233
1278,3,1,7,7,54,30,35,0.00731898
1279,1,1,1,10,55,30,35,0.012789047
1280,1,4,5,5,56,30,35,0.01999359
1281,2,4,3,12,57,30,35,0.0293548
1282,1,4,5,8,58,30,35,0.021737818
1283,0,0,0,0,60,30,35,-1.0
1284,1,4,5,5,61,30,35,0.017475037
1285,1,4,5,8,62,30,35,0.02470325
1286,1,4,5,10,63,30,35,0.0165762
1287,0,0,0,0,64,30,35,-1.0
1288,0,0,0,0,65,30,35,-1.0
1289,3,3,4,4,53,31,35,0.004274434
1290,3,1,7,7,54,31,35,0.008448116
1291,1,4,5,8,55,31,35,0.02223832
1292,2,2,6,3,56,31,35,0.040641353
1293,2,5,2,2,57,31,35,0.061109137
1294,2,2,3,3,58,31,35,0.034863446
1295,1,4,5,5,59,31,35,0.017966509
1296,0,0,0,0,60,31,35,-1.0
1297,2,2,3,12,61,31,35,0.030306604
1298,2,2,3,12,62,31,35,0.02976102
1299,1,1,1,10,63,31,35,0.014159031
1300,0,0,0,0,64,31,35,-1.0
1301,0,0,0,0,65,31,35,-1.0
1302,3,1,7,7,53,32,35,0.007538426
1303,1,1,1,10,54,32,35,0.014305064
1304,2,2,6,3,55,32,35,0.040277872
1305,2,5,6,6,56,32,35,0.05225248
1306,2,5,2,2,57,32,35,0.063409306
1307,2,5,2,2,58,32,35,0.05904818
1308,1,4,5,5,59,32,35,0.018028527
1309,0,0,0,0,60,32,35,-1.0
1310,1,4,3,12,62,32,35,0.027064592
1311,1,1,1,1,63,32,35,0.011982446
1312,0,0,0,0,64,32,35,-1.0
1313,1,1,1,1,53,33,35,0.011353702
1314,1,4,5,5,54,33,35,0.018602937
1315,2,5,6,6,55,33,35,0.050224476
1316,2,2,6,6,56,33,35,0.043666597
1317,2,2,6,3,57,33,35,0.039635073
1318,2,2,6,6,58,33,35,0.04414554
1319,1,4,5,10,59,33,35,0.015819602
1320,0,0,0,0,60,33,35,-1.0
1321,0,0,0,0,64,33,35,-1.0
1322,2,2,6,6,55,34,35,0.043728355
1323,1,4,5,8,56,34,35,0.022735318
1324,1,1,1,1,57,34,35,0.012096418
1325,1,4,5,5,58,34,35,0.01961954
1326,0,0,0,0,60,34,35,-1.0
1327,1,1,1,1,61,34,35,0.011775497
1328,1,1,1,1,63,34,35,0.010148469
1329,1,4,5,5,55,35,35,0.019198949
1330,3,3,4,4,57,35,35,0.003080153
1331,3,1,1,1,58,35,35,0.009406545
1332,1,1,1,1,59,35,35,0.012082416
1333,0,0,0,0,60,35,35,-1.0
1334,3,3,7,7,61,35,35,0.006287049
1335,3,3,4,9,57,36,35,0.000726382
1336,3,3,4,4,58,36,35,0.003636841
1337,3,3,4,4,59,36,35,0.003751508
1338,3,3,4,9,61,36,35,0.001485661
1339,3,3,4,9,58,37,35,0.000391367
1340,2,2,6,3,53,26,36,0.03944639
1341,1,4,3,12,53,27,36,0.026342096
1342,0,0,0,0,60,27,36,-1.0
1343,1,4,5,5,62,27,36,0.019343557
1344,0,0,0,0,64,27,36,-1.0
1345,3,1,7,1,54,28,36,0.008842525
1346,0,0,0,0,60,28,36,-1.0
1347,3,3,7,7,61,28,36,0.006477387
1348,1,4,5,5,62,28,36,0.018981958
1349,0,0,0,0,64,28,36,-1.0
1350,1,1,1,1,54,29,36,0.010973427
1351,3,3,7,7,55,29,36,0.007019467
1352,1,1,1,10,56,29,36,0.012962506
1353,1,1,1,10,57,29,36,0.014318037
1354,1,4,5,10,59,29,36,0.016423428
1355,0,0,0,0,60,29,36,-1.0
1356,3,1,7,7,61,29,36,0.008199483
1357,1,4,5,8,62,29,36,0.020927459
1358,1,4,5,5,63,29,36,0.016970506
1359,0,0,0,0,64,29,36,-1.0
1360,3,3,4,4,53,30,36,0.00400848
1361,1,1,1,1,54,30,36,0.011129785
1362,1,4,5,5,55,30,36,0.017350415
1363,2,2,3,12,56,30,36,0.031391963
1364,2,2,3,3,57,30,36,0.037103165
1365,1,4,5,8,58,30,36,0.02100026
1366,1,1,1,10,59,30,36,0.013812512
1367,0,0,0,0,60,30,36,-1.0
1368,1,1,1,10,61,30,36,0.015168307
1369,1,4,3,12,62,30,36,0.02728343
1370,1,4,5,5,63,30,36,0.019131714
1371,0,0,0,0,64,30,36,-1.0
1372,3,3,7,7,53,31,36,0.00695913
1373,1,1,1,10,54,31,36,0.012749734
1374,2,2,3,3,55,31,36,0.036135547
1375,2,5,2,2,56,31,36,0.057969164
1376,2,5,2,11,57,31,36,0.0719765
1377,2,2,3,3,58,31,36,0.035695117
1378,1,1,1,10,59,31,36,0.013674534
1379,0,0,0,0,60,31,36,-1.0
1380,2,2,3,12,61,31,36,0.029489292
1381,2,2,3,12,62,31,36,0.030265464
1382,1,1,1,10,63,31,36,0.014882202
1383,1,1,1,1,53,32,36,0.011991209
1384,1,4,5,5,54,32,36,0.01839927
1385,2,5,6,2,55,32,36,0.053277534
1386,2,5,2,11,56,32,36,0.068461396
1387,2,5,2,11,57,32,36,0.070118524
1388,2,5,2,2,58,32,36,0.057531446
1389,1,4,5,10,59,32,36,0.016164998
1390,1,4,5,8,62,32,36,0.02161698
1391,1,1,1,10,63,32,36,0.012767238
1392,0,0,0,0,64,32,36,-1.0
1393,1,1,1,10,53,33,36,0.014448391
1394,1,4,5,8,54,33,36,0.022312675
1395,2,5,6,2,55,33,36,0.054239955
1396,2,5,6,6,56,33,36,0.05287211
1397,2,2,6,6,58,33,36,0.044544782
1398,1,1,1,10,61,33,36,0.0127424
1399,3,1,7,1,63,33,36,0.009302093
1400,0,0,0,0,64,33,36,-1.0
1401,1,1,1,1,53,34,36,0.010189694
1402,1,4,5,5,54,34,36,0.01795393
1403,2,2,3,3,55,34,36,0.03594728
1404,1,4,5,8,56,34,36,0.024700342
1405,1,1,1,1,57,34,36,0.010552294
1406,1,4,5,8,58,34,36,0.021943858
1407,1,1,1,1,59,34,36,0.010506878
1408,0,0,0,0,60,34,36,-1.0
1409,1,1,1,1,61,34,36,0.011006189
1410,3,3,4,4,63,34,36,0.003983037
1411,0,0,0,0,64,34,36,-1.0
1412,3,3,4,4,54,35,36,0.004771918
1413,1,1,1,10,55,35,36,0.013753606
1414,3,3,4,4,56,35,36,0.004234613
1415,3,3,4,9,57,35,36,0.001925985
1416,3,3,7,7,58,35,36,0.005823508
1417,3,3,7,4,59,35,36,0.004869517
1418,3,3,7,4,61,35,36,0.005177352
1419,3,3,4,9,58,36,36,0.00156696
1420,2,5,2,2,53,25,37,0.057448093
1421,2,5,6,6,53,26,37,0.052545328
1422,2,2,3,3,53,27,37,0.03187341
1423,1,1,1,1,53,28,37,0.012529138
1424,3,3,7,7,53,29,37,0.00602425
1425,1,4,3,12,62,29,37,0.028789682
1426,1,1,1,10,63,29,37,0.015478985
1427,0,0,0,0,64,29,37,-1.0
1428,2,2,3,3,62,30,37,0.032887753
1429,1,4,5,5,63,30,37,0.016660105
1430,0,0,0,0,64,30,37,-1.0
1431,1,1,1,1,53,31,37,0.010222344
1432,1,4,5,5,54,31,37,0.018089214
1433,2,5,2,2,57,31,37,0.06379655
1434,2,2,3,3,58,31,37,0.032357197
1435,1,1,1,10,59,31,37,0.014113127
1436,2,2,3,3,62,31,37,0.033668347
1437,1,4,5,10,63,31,37,0.016456058
1438,1,4,5,10,53,32,37,0.015919952
1439,1,4,5,8,54,32,37,0.022557301
1440,1,4,5,10,59,32,37,0.016050294
1441,1,4,5,8,62,32,37,0.023853684
1442,1,4,5,10,63,32,37,0.016457167
1443,1,4,5,8,54,33,37,0.021766864
1444,2,2,6,6,55,33,37,0.04206914
1445,2,2,3,3,58,33,37,0.032063417
1446,1,1,1,10,59,33,37,0.013972141
1447,1,1,1,10,62,33,37,0.014994036
1448,1,1,1,1,63,33,37,0.010926807
1449,0,0,0,0,64,33,37,-1.0
1450,3,1,7,7,53,34,37,0.008604862
1451,1,1,1,10,54,34,37,0.01397324
1452,1,4,5,10,55,34,37,0.016035693
1453,1,1,1,10,58,34,37,0.015139488
1454,3,1,7,7,59,34,37,0.00765965
1455,0,0,0,0,60,34,37,-1.0
1456,3,3,4,9,63,34,37,0.002285501
1457,3,3,4,4,55,35,37,0.004645371
1458,3,3,4,9,56,35,37,0.001445297
1459,3,3,4,9,58,35,37,0.002797503
1460,3,3,4,9,59,35,37,0.001560486
1461,2,2,6,6,53,25,38,0.0464784
1462,2,2,6,6,53,26,38,0.042877786
1463,1,1,1,10,62,33,38,0.012970295
1464,1,4,5,5,53,25,39,0.018978873
1465,3,3,4,9,63,34,39,0.000239279
