cluster_4,cluster_6,cluster_8,cluster_13,X,Y,Z,Chat-252
3,3,7,4,53,25,18,0.004974713
3,3,4,9,63,34,18,7.76e-05
3,3,7,7,53,25,19,0.005733273
3,3,7,7,53,26,19,0.006038758
3,3,4,9,62,33,19,0.002626408
1,1,1,10,53,25,20,0.01304266
1,1,1,10,53,26,20,0.01472626
1,1,1,1,53,27,20,0.011972019
3,1,7,7,53,28,20,0.007415192
1,4,5,8,62,28,20,0.023931876
3,3,7,7,53,29,20,0.005598719
1,4,5,8,62,29,20,0.02334433
3,1,7,1,63,29,20,0.009111056
0,0,0,0,64,29,20,-1.0
1,4,5,5,54,30,20,0.01860754
3,1,7,7,55,30,20,0.007196636
3,1,7,1,59,30,20,0.008855999
1,4,5,8,62,30,20,0.023980884
1,1,1,1,63,30,20,0.00999031
0,0,0,0,64,30,20,-1.0
3,3,7,7,53,31,20,0.00683878
1,4,5,8,54,31,20,0.020891892
1,1,1,10,55,31,20,0.01449472
1,4,5,8,57,31,20,0.024314059
1,4,5,5,58,31,20,0.01943165
3,1,1,1,59,31,20,0.009422506
1,4,5,8,62,31,20,0.021164019
3,1,7,7,63,31,20,0.008118368
3,3,7,7,53,32,20,0.006432292
1,4,5,5,54,32,20,0.01868927
1,1,1,1,59,32,20,0.011619566
1,1,1,10,62,32,20,0.01433919
3,3,7,4,63,32,20,0.004903552
3,3,4,4,53,33,20,0.004347993
2,4,3,12,55,33,20,0.029230548
2,2,6,6,58,33,20,0.046146363
1,1,1,10,59,33,20,0.013800713
3,3,7,7,62,33,20,0.006557266
3,3,4,9,63,33,20,0.002324083
0,0,0,0,64,33,20,-1.0
3,3,4,9,53,34,20,0.001559781
3,3,4,4,54,34,20,0.004448379
1,4,5,8,55,34,20,0.02163065
1,4,5,5,56,34,20,0.017016856
1,4,5,5,58,34,20,0.016809823
3,1,7,7,59,34,20,0.007210143
0,0,0,0,60,34,20,-1.0
3,3,4,9,63,34,20,0.000820961
3,3,4,9,54,35,20,0.000573573
3,3,4,4,55,35,20,0.003743233
3,3,7,4,56,35,20,0.004937759
3,3,4,9,58,35,20,0.002236549
3,3,4,9,59,35,20,0.002106066
2,2,3,3,53,26,21,0.0372771
2,2,3,3,53,27,21,0.03215842
0,0,0,0,60,27,21,-1.0
1,4,5,5,62,27,21,0.018201558
0,0,0,0,64,27,21,-1.0
1,1,1,10,54,28,21,0.015133788
0,0,0,0,60,28,21,-1.0
1,1,1,1,61,28,21,0.011605455
1,4,5,5,62,28,21,0.017452486
0,0,0,0,64,28,21,-1.0
1,1,1,10,54,29,21,0.014632551
3,3,7,7,55,29,21,0.006524711
3,3,4,4,56,29,21,0.004175591
1,1,1,1,57,29,21,0.010197222
3,1,7,7,58,29,21,0.007778611
3,1,7,7,59,29,21,0.008131813
0,0,0,0,60,29,21,-1.0
1,1,1,1,61,29,21,0.011012562
1,4,5,8,62,29,21,0.022032257
1,1,1,10,63,29,21,0.014092584
0,0,0,0,64,29,21,-1.0
3,3,7,4,53,30,21,0.005176599
1,4,5,10,54,30,21,0.016298098
3,1,7,7,55,30,21,0.008446886
3,3,7,7,56,30,21,0.006104144
1,1,1,10,57,30,21,0.014292705
1,1,1,1,58,30,21,0.012570936
3,1,7,7,59,30,21,0.008595457
0,0,0,0,60,30,21,-1.0
1,4,3,8,61,30,21,0.024894029
2,2,3,3,62,30,21,0.032128118
1,4,5,5,63,30,21,0.019100284
0,0,0,0,64,30,21,-1.0
0,0,0,0,65,30,21,-1.0
3,3,7,7,53,31,21,0.005473828
1,4,5,5,54,31,21,0.020535307
1,4,5,5,55,31,21,0.02008924
1,1,1,10,56,31,21,0.014306233
2,2,3,3,57,31,21,0.037082117
1,4,3,12,58,31,21,0.025799217
1,1,1,1,59,31,21,0.012212956
0,0,0,0,60,31,21,-1.0
1,4,3,8,61,31,21,0.025214361
1,4,3,12,62,31,21,0.02816201
1,1,1,10,63,31,21,0.014843551
3,3,7,7,53,32,21,0.005563876
1,4,5,8,54,32,21,0.022276677
2,2,6,3,55,32,21,0.040725965
2,2,3,3,56,32,21,0.03534621
2,5,2,2,57,32,21,0.05949485
2,2,6,6,58,32,21,0.045393933
1,1,5,10,59,32,21,0.015648913
1,4,5,5,62,32,21,0.020305635
3,1,7,1,63,32,21,0.009066524
0,0,0,0,64,32,21,-1.0
3,3,4,4,53,33,21,0.004019382
1,4,5,5,54,33,21,0.016756237
2,5,6,2,55,33,21,0.05342613
2,2,6,6,56,33,21,0.04787737
2,5,2,2,58,33,21,0.058096137
1,1,1,1,61,33,21,0.0100715
3,3,7,7,63,33,21,0.006293631
0,0,0,0,64,33,21,-1.0
3,3,4,9,53,34,21,0.00161629
3,1,7,1,54,34,21,0.008837019
2,2,6,3,55,34,21,0.04099463
2,2,6,6,56,34,21,0.04496792
2,2,3,12,57,34,21,0.031405527
1,4,5,8,58,34,21,0.023857525
3,3,7,4,61,34,21,0.00527958
3,3,4,9,63,34,21,0.002517425
0,0,0,0,64,34,21,-1.0
3,3,4,9,54,35,21,0.001514491
3,1,1,1,55,35,21,0.009543445
1,1,1,10,56,35,21,0.015087776
3,3,7,7,57,35,21,0.00634162
3,3,7,4,58,35,21,0.004949819
3,1,7,7,59,35,21,0.007954675
0,0,0,0,60,35,21,-1.0
3,3,4,9,61,35,21,0.000880699
3,3,4,9,58,36,21,0.000485305
1,4,5,5,54,26,22,0.017753279
1,4,5,5,62,26,22,0.018918486
2,5,2,2,53,27,22,0.061848782
1,4,5,5,54,27,22,0.016854258
3,1,7,7,55,27,22,0.00767534
3,1,7,7,59,27,22,0.007666179
1,1,1,10,61,27,22,0.014390031
1,1,1,10,62,27,22,0.014870731
0,0,0,0,64,27,22,-1.0
1,4,3,12,53,28,22,0.02895001
1,1,1,10,54,28,22,0.013966577
1,1,1,1,55,28,22,0.00992668
1,1,1,1,56,28,22,0.011045687
3,3,7,7,58,28,22,0.005854412
3,3,7,4,59,28,22,0.005353632
0,0,0,0,60,28,22,-1.0
1,1,1,10,61,28,22,0.012923847
1,1,1,10,62,28,22,0.013555476
3,1,7,1,63,28,22,0.008773431
0,0,0,0,64,28,22,-1.0
0,0,0,0,65,28,22,-1.0
3,1,7,7,53,29,22,0.007462265
3,1,7,7,56,29,22,0.008426813
1,1,1,1,57,29,22,0.010281705
3,3,7,7,58,29,22,0.006896714
3,3,7,7,59,29,22,0.005591154
0,0,0,0,60,29,22,-1.0
1,1,1,10,61,29,22,0.013780143
1,4,5,8,62,29,22,0.02106283
1,1,1,10,63,29,22,0.013307745
0,0,0,0,64,29,22,-1.0
0,0,0,0,65,29,22,-1.0
3,3,4,4,53,30,22,0.003140146
1,1,1,10,54,30,22,0.014293979
3,1,7,1,55,30,22,0.008819692
3,1,7,7,56,30,22,0.00720712
1,1,1,1,57,30,22,0.010355577
1,1,1,1,58,30,22,0.011200154
0,0,0,0,60,30,22,-1.0
1,4,5,8,61,30,22,0.022288555
2,2,3,3,62,30,22,0.03423088
1,4,5,5,63,30,22,0.019555679
0,0,0,0,64,30,22,-1.0
0,0,0,0,65,30,22,-1.0
3,3,4,4,53,31,22,0.003970809
1,4,5,5,54,31,22,0.019397635
1,4,5,5,55,31,22,0.019539665
1,1,1,10,56,31,22,0.015413065
2,2,3,3,57,31,22,0.037900485
1,4,3,12,58,31,22,0.027555974
1,1,1,10,59,31,22,0.013943564
1,4,5,8,61,31,22,0.0225089
1,4,3,12,62,31,22,0.028697584
1,1,1,10,63,31,22,0.015447916
0,0,0,0,64,31,22,-1.0
0,0,0,0,65,31,22,-1.0
3,3,7,7,53,32,22,0.005539548
1,4,5,8,54,32,22,0.023674503
2,2,6,6,55,32,22,0.04382233
2,5,6,6,56,32,22,0.048159674
2,5,2,11,57,32,22,0.06524589
2,2,6,6,58,32,22,0.0450434
1,4,5,5,59,32,22,0.017429493
0,0,0,0,60,32,22,-1.0
1,4,5,8,62,32,22,0.024242884
1,1,1,1,63,32,22,0.010904887
0,0,0,0,64,32,22,-1.0
3,3,7,7,53,33,22,0.005929952
1,4,5,8,54,33,22,0.02192067
2,5,2,2,55,33,22,0.058480464
2,5,2,2,56,33,22,0.0628234
2,5,2,2,57,33,22,0.058221135
2,5,6,6,58,33,22,0.05122891
1,4,5,8,59,33,22,0.02370382
0,0,0,0,60,33,22,-1.0
0,0,0,0,64,33,22,-1.0
1,1,1,1,54,34,22,0.011835149
2,2,6,6,55,34,22,0.04661692
2,5,6,2,56,34,22,0.054639034
2,2,3,3,57,34,22,0.035579596
1,4,3,8,58,34,22,0.025445228
0,0,0,0,60,34,22,-1.0
3,3,4,4,63,34,22,0.004567576
1,1,1,1,57,35,22,0.011792681
3,1,7,7,58,35,22,0.008454152
1,1,1,10,59,35,22,0.013477107
0,0,0,0,60,35,22,-1.0
3,3,4,4,61,35,22,0.004380938
3,3,4,9,57,36,22,0.002314481
3,3,4,9,58,36,22,0.001853857
3,3,4,9,59,36,22,0.002308767
0,0,0,0,60,36,22,-1.0
3,3,4,9,61,36,22,0.001238346
3,3,4,9,58,37,22,0.000487916
3,1,1,1,54,25,23,0.009690061
1,1,1,1,54,26,23,0.011639903
1,1,1,1,63,26,23,0.011007247
1,1,1,1,54,27,23,0.010567362
3,1,7,7,55,27,23,0.007261973
3,1,7,7,56,27,23,0.007624918
1,1,1,10,61,27,23,0.014442334
1,4,5,5,62,27,23,0.019454377
3,1,1,1,63,27,23,0.009512407
0,0,0,0,64,27,23,-1.0
3,1,7,7,54,28,23,0.008482048
3,1,7,1,55,28,23,0.009216579
1,1,1,10,56,28,23,0.013573023
1,1,1,1,57,28,23,0.011364684
3,1,7,7,58,28,23,0.007825137
3,3,4,4,59,28,23,0.004442448
0,0,0,0,60,28,23,-1.0
1,1,1,10,61,28,23,0.013809
1,4,5,5,62,28,23,0.017780606
3,1,7,7,63,28,23,0.007832442
0,0,0,0,64,28,23,-1.0
0,0,0,0,65,28,23,-1.0
3,3,7,7,53,29,23,0.006167146
1,1,1,1,54,29,23,0.009827836
3,1,7,7,55,29,23,0.008604416
3,1,1,1,56,29,23,0.00944153
3,1,7,1,57,29,23,0.009158093
1,1,1,1,58,29,23,0.009882634
3,3,7,4,59,29,23,0.005139116
0,0,0,0,60,29,23,-1.0
1,1,1,10,61,29,23,0.014617408
1,4,5,5,62,29,23,0.018795354
3,1,7,7,63,29,23,0.007593876
0,0,0,0,64,29,23,-1.0
0,0,0,0,65,29,23,-1.0
3,3,4,4,53,30,23,0.00303082
1,1,1,10,54,30,23,0.015424748
3,1,7,7,55,30,23,0.008424625
3,1,7,7,56,30,23,0.007568756
3,1,7,7,57,30,23,0.00715663
1,1,1,10,58,30,23,0.01268422
3,1,7,7,59,30,23,0.007693873
0,0,0,0,60,30,23,-1.0
1,1,1,10,61,30,23,0.015274818
1,4,5,8,62,30,23,0.02189209
1,1,1,1,63,30,23,0.010118975
0,0,0,0,64,30,23,-1.0
3,3,4,4,53,31,23,0.004281087
1,4,5,5,54,31,23,0.019528523
1,4,5,5,55,31,23,0.017141394
1,1,1,10,56,31,23,0.014917108
1,4,3,12,57,31,23,0.028966917
1,4,5,5,58,31,23,0.020665769
1,1,1,1,59,31,23,0.012065101
1,4,5,5,61,31,23,0.017034877
1,4,5,8,62,31,23,0.021999985
1,1,1,1,63,31,23,0.009923829
0,0,0,0,64,31,23,-1.0
1,4,5,8,54,32,23,0.022170777
2,2,3,3,55,32,23,0.037913285
2,5,6,6,56,32,23,0.052408107
2,5,6,6,57,32,23,0.052586056
1,4,3,12,58,32,23,0.028815934
1,1,1,10,59,32,23,0.014420652
0,0,0,0,60,32,23,-1.0
1,4,5,5,61,32,23,0.020172816
1,4,3,12,62,32,23,0.025637945
1,1,1,1,63,32,23,0.009857742
0,0,0,0,64,32,23,-1.0
3,3,4,4,53,33,23,0.004722513
1,4,5,8,54,33,23,0.021446003
2,5,2,2,55,33,23,0.05860624
2,5,2,11,56,33,23,0.06888432
2,5,6,6,57,33,23,0.05083206
2,2,3,12,58,33,23,0.03088472
1,4,5,5,59,33,23,0.019084759
0,0,0,0,60,33,23,-1.0
1,4,3,12,61,33,23,0.025518415
2,2,3,12,62,33,23,0.029742546
1,1,1,1,63,33,23,0.009999937
0,0,0,0,64,33,23,-1.0
3,3,4,9,53,34,23,0.00237101
1,1,1,10,54,34,23,0.012974122
2,5,6,6,55,34,23,0.05033272
2,5,2,2,56,34,23,0.056996256
2,2,3,3,57,34,23,0.035561945
1,4,5,8,58,34,23,0.021450533
1,4,5,8,59,34,23,0.024073198
0,0,0,0,60,34,23,-1.0
1,4,5,5,61,34,23,0.019917114
3,3,7,7,63,34,23,0.006753675
0,0,0,0,64,34,23,-1.0
3,3,4,9,53,35,23,0.00074154
3,3,4,4,54,35,23,0.004530451
1,4,5,8,55,35,23,0.022873648
1,4,5,8,56,35,23,0.023943702
1,4,5,10,57,35,23,0.016050242
1,1,1,1,58,35,23,0.0115812
1,1,1,10,59,35,23,0.0143608
0,0,0,0,60,35,23,-1.0
3,3,4,9,54,36,23,0.001218109
3,1,7,7,55,36,23,0.007072049
3,3,4,4,56,36,23,0.004783039
3,3,4,4,57,36,23,0.003948838
3,3,4,4,58,36,23,0.004653042
3,3,4,4,59,36,23,0.004757742
3,3,4,9,58,37,23,0.001365413
3,3,4,9,59,37,23,0.00123339
3,3,7,7,54,25,24,0.005811189
3,3,7,7,54,26,24,0.006337668
3,3,7,7,55,27,24,0.006495724
3,1,7,7,57,27,24,0.007382946
0,0,0,0,60,27,24,-1.0
1,1,1,1,61,27,24,0.010862184
1,1,1,10,62,27,24,0.015224819
3,1,7,7,63,27,24,0.007103875
0,0,0,0,64,27,24,-1.0
3,3,7,7,54,28,24,0.006109862
3,3,7,7,55,28,24,0.0068542
3,3,7,7,56,28,24,0.006021456
3,3,7,7,57,28,24,0.006460626
3,3,7,7,58,28,24,0.00686322
3,3,7,7,59,28,24,0.006070478
0,0,0,0,60,28,24,-1.0
1,1,1,1,61,28,24,0.011283982
1,4,5,10,62,28,24,0.01633708
3,1,7,7,63,28,24,0.007083016
0,0,0,0,64,28,24,-1.0
0,0,0,0,65,28,24,-1.0
3,1,7,7,54,29,24,0.007994456
3,3,4,4,55,29,24,0.004786563
3,3,4,4,56,29,24,0.004474208
3,3,7,7,57,29,24,0.005922031
3,1,7,7,58,29,24,0.007926417
3,3,4,4,59,29,24,0.004592416
0,0,0,0,60,29,24,-1.0
1,1,1,1,61,29,24,0.012014128
1,4,5,5,62,29,24,0.017216614
3,1,7,7,63,29,24,0.007567011
0,0,0,0,64,29,24,-1.0
1,1,1,1,54,30,24,0.012554827
3,3,7,7,55,30,24,0.006723199
3,3,7,7,56,30,24,0.00684019
3,3,7,4,57,30,24,0.004873147
3,1,7,1,58,30,24,0.009300823
3,3,7,4,59,30,24,0.005140104
0,0,0,0,60,30,24,-1.0
1,1,1,1,61,30,24,0.01148554
1,4,5,5,62,30,24,0.017590245
3,1,7,7,63,30,24,0.007938872
0,0,0,0,64,30,24,-1.0
1,1,1,10,55,31,24,0.013668621
1,4,5,5,56,31,24,0.01677954
1,1,1,10,57,31,24,0.013770229
1,1,1,1,58,31,24,0.011098561
3,1,7,7,59,31,24,0.007758667
0,0,0,0,60,31,24,-1.0
1,4,5,10,61,31,24,0.016376378
1,4,5,8,62,31,24,0.022036674
3,1,7,7,63,31,24,0.008604378
0,0,0,0,64,31,24,-1.0
1,4,5,5,54,32,24,0.0196802
1,4,3,12,55,32,24,0.028846951
2,5,6,6,56,32,24,0.04939557
2,2,3,12,57,32,24,0.03040548
1,1,1,10,58,32,24,0.01508547
3,1,1,1,59,32,24,0.009678956
0,0,0,0,60,32,24,-1.0
1,4,5,8,61,32,24,0.022898184
1,4,3,12,62,32,24,0.026970247
3,1,7,1,63,32,24,0.009130236
0,0,0,0,64,32,24,-1.0
1,4,5,5,54,33,24,0.020283366
2,5,6,2,55,33,24,0.053829614
2,5,2,11,56,33,24,0.07296985
2,2,6,6,57,33,24,0.042680267
1,4,5,5,58,33,24,0.01896056
1,1,1,10,59,33,24,0.012848185
1,4,5,8,61,33,24,0.02232128
2,2,3,12,62,33,24,0.029895587
3,1,7,1,63,33,24,0.009175419
0,0,0,0,64,33,24,-1.0
1,1,1,10,54,34,24,0.014112141
2,5,6,6,55,34,24,0.050870243
2,5,2,11,56,34,24,0.06957724
2,2,3,3,57,34,24,0.035725195
1,4,5,5,58,34,24,0.018468456
1,4,5,10,59,34,24,0.015905457
1,4,3,12,62,34,24,0.026210962
3,1,7,7,63,34,24,0.00772349
3,3,7,7,54,35,24,0.00635028
1,4,3,12,55,35,24,0.026644347
2,2,3,3,56,35,24,0.03324313
1,4,5,5,57,35,24,0.018398436
1,1,1,10,58,35,24,0.012962941
1,1,1,1,59,35,24,0.011398538
3,3,4,4,63,35,24,0.00411645
3,3,4,9,53,36,24,0.000167245
3,3,4,9,54,36,24,0.001644832
3,1,7,1,56,36,24,0.009166192
3,3,7,4,57,36,24,0.005214945
3,3,7,7,58,36,24,0.006310672
3,3,7,4,59,36,24,0.005370595
3,3,4,9,58,37,24,0.001953477
3,3,4,9,54,27,25,0.002660217
3,3,4,4,57,27,25,0.004770432
3,3,7,7,58,27,25,0.006925892
1,1,1,1,59,27,25,0.010592
0,0,0,0,60,27,25,-1.0
1,1,1,1,61,27,25,0.010847814
1,1,1,1,62,27,25,0.010494647
3,3,7,7,63,27,25,0.006367777
0,0,0,0,64,27,25,-1.0
3,3,4,4,54,28,25,0.004813
3,3,4,4,57,28,25,0.004247764
3,3,7,7,58,28,25,0.005734687
3,3,7,7,59,28,25,0.006659773
0,0,0,0,60,28,25,-1.0
3,1,7,1,61,28,25,0.008802573
1,1,1,10,62,28,25,0.01362066
3,3,7,7,63,28,25,0.006554275
0,0,0,0,64,28,25,-1.0
3,3,7,7,54,29,25,0.006198541
3,3,4,9,55,29,25,0.002209308
3,3,4,9,56,29,25,0.002165551
3,3,4,4,57,29,25,0.004140997
3,3,7,4,58,29,25,0.005308508
3,3,4,4,59,29,25,0.003704154
0,0,0,0,60,29,25,-1.0
3,1,7,7,61,29,25,0.00777819
1,4,5,10,62,29,25,0.015780807
3,1,7,7,63,29,25,0.007276507
0,0,0,0,64,29,25,-1.0
3,1,7,7,54,30,25,0.007409308
3,3,4,4,55,30,25,0.003277158
3,3,4,4,56,30,25,0.004471873
3,3,4,4,57,30,25,0.00383924
3,3,7,4,58,30,25,0.005180826
3,3,4,9,59,30,25,0.002778071
0,0,0,0,60,30,25,-1.0
3,1,1,1,61,30,25,0.009782111
1,4,5,5,62,30,25,0.017819615
3,1,7,7,63,30,25,0.00748949
0,0,0,0,64,30,25,-1.0
1,1,1,1,54,31,25,0.012471112
3,3,7,7,55,31,25,0.007022626
1,1,1,1,56,31,25,0.012052226
3,3,7,7,57,31,25,0.006307582
3,3,7,4,58,31,25,0.005417957
3,3,4,4,59,31,25,0.004350032
0,0,0,0,60,31,25,-1.0
1,1,1,10,61,31,25,0.015282397
1,4,5,8,62,31,25,0.023767209
3,1,7,7,63,31,25,0.008295354
0,0,0,0,64,31,25,-1.0
1,4,5,10,54,32,25,0.015923398
1,1,1,10,55,32,25,0.015155318
2,2,3,3,56,32,25,0.032886125
1,1,5,10,57,32,25,0.015696062
3,1,7,1,58,32,25,0.009293567
3,3,7,7,59,32,25,0.006461524
0,0,0,0,60,32,25,-1.0
1,4,5,5,61,32,25,0.020635284
1,4,3,12,62,32,25,0.026184143
3,1,7,7,63,32,25,0.008124576
0,0,0,0,64,32,25,-1.0
1,4,5,5,54,33,25,0.016988391
2,2,3,12,55,33,25,0.029585276
2,5,6,6,56,33,25,0.05282402
1,4,3,12,57,33,25,0.028560521
1,1,1,10,58,33,25,0.01516543
3,1,7,1,59,33,25,0.008956683
1,4,5,5,61,33,25,0.018588947
1,4,3,12,62,33,25,0.02666445
3,1,7,7,63,33,25,0.007657793
0,0,0,0,64,33,25,-1.0
3,3,4,9,53,34,25,0.00152633
1,1,1,10,54,34,25,0.012645097
2,2,3,12,55,34,25,0.030228019
2,5,2,2,56,34,25,0.056424793
1,4,3,12,57,34,25,0.026928373
1,4,5,5,58,34,25,0.017014768
1,1,1,1,59,34,25,0.010292204
1,4,5,10,61,34,25,0.015926216
1,4,3,12,62,34,25,0.02761043
3,3,4,9,53,35,25,0.000761596
1,4,5,5,55,35,25,0.017451227
1,1,1,10,57,35,25,0.015122946
1,1,1,1,58,35,25,0.012269998
3,1,7,7,59,35,25,0.007754938
0,0,0,0,60,35,25,-1.0
3,3,7,7,55,36,25,0.00581715
3,3,7,7,58,36,25,0.005610137
0,0,0,0,60,26,26,-1.0
3,3,4,4,57,27,26,0.003998709
3,3,7,4,58,27,26,0.00517413
3,3,7,7,59,27,26,0.007001508
0,0,0,0,60,27,26,-1.0
1,1,1,1,61,27,26,0.010786267
3,3,4,4,54,28,26,0.003629223
1,1,1,10,55,28,26,0.014009474
3,3,4,4,56,28,26,0.004520529
3,3,4,4,57,28,26,0.00450147
3,3,7,7,58,28,26,0.006998665
3,3,4,4,59,28,26,0.004524206
0,0,0,0,60,28,26,-1.0
3,3,7,7,61,28,26,0.006899186
1,1,1,10,62,28,26,0.013300596
3,3,7,7,63,28,26,0.006514004
0,0,0,0,64,28,26,-1.0
3,3,4,9,54,29,26,0.002838443
3,3,4,9,55,29,26,0.001683335
3,3,4,9,56,29,26,0.001628513
3,3,4,4,57,29,26,0.004395511
3,3,7,7,58,29,26,0.00692666
3,3,4,4,59,29,26,0.003297812
0,0,0,0,60,29,26,-1.0
3,3,4,4,61,29,26,0.004719462
1,1,1,10,62,29,26,0.013619322
3,3,7,4,63,29,26,0.004949858
0,0,0,0,64,29,26,-1.0
3,3,4,4,54,30,26,0.003642865
3,3,4,9,55,30,26,0.001526025
3,3,4,9,56,30,26,0.001701276
3,3,4,4,57,30,26,0.003326857
3,3,7,7,58,30,26,0.005716052
3,3,4,9,59,30,26,0.002834766
0,0,0,0,60,30,26,-1.0
3,1,7,7,61,30,26,0.007933213
1,1,1,10,62,30,26,0.014280461
3,3,7,4,63,30,26,0.004951894
0,0,0,0,64,30,26,-1.0
3,1,7,7,54,31,26,0.007163925
3,3,4,9,55,31,26,0.00266283
3,3,4,4,56,31,26,0.004311394
3,3,4,4,57,31,26,0.003289953
3,3,7,4,58,31,26,0.00532974
3,3,4,4,59,31,26,0.003932838
0,0,0,0,60,31,26,-1.0
1,1,1,1,61,31,26,0.01238794
1,4,5,5,62,31,26,0.019803379
3,3,7,7,63,31,26,0.005947399
0,0,0,0,64,31,26,-1.0
3,1,1,1,54,32,26,0.00952299
3,3,7,4,55,32,26,0.005137501
1,1,1,1,56,32,26,0.01202435
3,1,7,7,57,32,26,0.007308313
3,1,7,7,58,32,26,0.008268217
3,3,7,7,59,32,26,0.006511665
0,0,0,0,60,32,26,-1.0
1,4,5,10,61,32,26,0.016259205
1,4,5,8,62,32,26,0.021939272
3,3,7,7,63,32,26,0.006030415
0,0,0,0,64,32,26,-1.0
3,3,4,9,53,33,26,0.001329098
3,1,1,1,54,33,26,0.009772166
3,1,7,7,55,33,26,0.00860723
1,4,5,5,56,33,26,0.020357704
1,1,1,10,57,33,26,0.014004867
1,1,1,10,58,33,26,0.013750113
3,1,7,1,59,33,26,0.009054947
0,0,0,0,60,33,26,-1.0
1,4,5,8,62,33,26,0.02337708
3,3,4,9,53,34,26,0.000875871
3,1,7,7,54,34,26,0.007068403
3,1,7,1,55,34,26,0.009087662
1,4,5,8,56,34,26,0.023494717
1,1,1,10,57,34,26,0.013866541
1,4,5,10,58,34,26,0.016650533
3,1,1,1,59,34,26,0.00964446
0,0,0,0,60,34,26,-1.0
3,3,4,4,54,35,26,0.003516543
3,3,7,7,55,35,26,0.005926448
1,4,5,10,56,35,26,0.016053528
3,1,7,7,57,35,26,0.008435248
1,1,1,1,58,35,26,0.01093819
3,3,7,7,59,35,26,0.006582649
0,0,0,0,60,35,26,-1.0
3,3,4,9,55,36,26,0.002099828
3,3,4,4,57,36,26,0.002888816
3,3,4,4,58,36,26,0.003903031
0,0,0,0,60,26,27,-1.0
1,4,3,12,55,27,27,0.026843833
3,3,4,4,56,27,27,0.004584425
3,3,4,4,57,27,27,0.004798579
3,3,4,4,58,27,27,0.003726858
3,3,7,4,59,27,27,0.004960688
3,1,7,1,61,27,27,0.008897536
1,1,1,10,62,27,27,0.014147673
3,3,4,4,54,28,27,0.003470263
1,4,5,5,55,28,27,0.020329727
3,3,4,4,56,28,27,0.004163685
3,3,7,7,57,28,27,0.005821135
3,3,7,7,58,28,27,0.005699281
3,3,4,4,59,28,27,0.003079041
0,0,0,0,60,28,27,-1.0
3,3,7,7,61,28,27,0.005786358
1,1,1,10,62,28,27,0.013153724
3,3,7,7,63,28,27,0.006755771
0,0,0,0,64,28,27,-1.0
3,3,4,9,54,29,27,0.001141714
3,3,4,9,55,29,27,0.001920476
3,3,4,9,56,29,27,0.001274075
3,3,7,7,57,29,27,0.005483653
3,3,7,7,58,29,27,0.00663276
3,3,4,9,59,29,27,0.002616014
0,0,0,0,60,29,27,-1.0
3,3,4,4,61,29,27,0.004670217
1,1,1,10,62,29,27,0.012977649
3,3,4,4,63,29,27,0.004216994
0,0,0,0,64,29,27,-1.0
3,3,4,9,54,30,27,0.001864656
3,3,4,9,55,30,27,0.001509993
3,3,4,9,56,30,27,0.000733875
3,3,4,4,57,30,27,0.00296331
3,3,7,7,58,30,27,0.006388204
3,3,4,4,59,30,27,0.002971492
0,0,0,0,60,30,27,-1.0
3,3,7,7,61,30,27,0.006839148
1,1,1,10,62,30,27,0.013713952
3,3,7,4,63,30,27,0.005203272
0,0,0,0,64,30,27,-1.0
3,3,4,4,54,31,27,0.003898301
3,3,4,9,55,31,27,0.001721149
3,3,4,9,56,31,27,0.001053379
3,3,4,9,57,31,27,0.001994853
3,3,7,7,58,31,27,0.006053991
3,3,4,4,59,31,27,0.004240615
0,0,0,0,60,31,27,-1.0
1,4,5,10,62,31,27,0.016186854
3,3,7,4,63,31,27,0.005251845
3,3,7,4,54,32,27,0.004893767
3,3,4,9,55,32,27,0.002076276
3,3,4,9,56,32,27,0.002609509
3,3,4,4,57,32,27,0.003449234
3,1,7,7,58,32,27,0.007849154
0,0,0,0,60,32,27,-1.0
1,4,5,5,62,32,27,0.018259607
3,3,4,9,53,33,27,0.000826554
3,3,4,4,54,33,27,0.004271899
3,3,4,9,55,33,27,0.002198733
3,3,4,4,56,33,27,0.004188253
3,3,7,7,57,33,27,0.006401048
1,1,1,1,58,33,27,0.012290929
3,1,7,7,59,33,27,0.008531502
0,0,0,0,60,33,27,-1.0
3,3,4,9,53,34,27,0.000360927
3,3,4,9,54,34,27,0.002457447
3,3,4,4,55,34,27,0.002852736
3,3,7,7,56,34,27,0.005515674
3,3,7,7,57,34,27,0.006281973
1,1,1,10,58,34,27,0.015403226
3,1,1,1,59,34,27,0.00941632
3,3,4,9,54,35,27,0.001053348
3,3,4,9,55,35,27,0.00276101
3,3,7,7,56,35,27,0.005922047
3,3,4,4,57,35,27,0.003927881
3,1,7,1,58,35,27,0.009264096
3,3,4,9,55,36,27,0.001216397
3,3,4,9,56,26,28,0.002163271
0,0,0,0,60,26,28,-1.0
1,1,1,1,55,27,28,0.012505907
3,3,4,9,58,27,28,0.002261634
3,3,4,4,59,27,28,0.003907502
0,0,0,0,60,27,28,-1.0
3,1,7,1,61,27,28,0.008905232
1,4,5,5,62,27,28,0.018875666
3,3,4,9,54,28,28,0.001781763
1,1,1,1,55,28,28,0.009844301
0,0,0,0,60,28,28,-1.0
3,3,7,7,61,28,28,0.005481117
1,1,1,10,62,28,28,0.012808239
3,1,7,7,63,28,28,0.007324661
3,3,4,9,54,29,28,0.000649854
3,3,4,9,55,29,28,0.001437277
3,3,4,4,57,29,28,0.003703892
3,3,7,7,61,29,28,0.005470474
1,1,1,10,62,29,28,0.013716802
3,3,4,4,63,29,28,0.004382456
0,0,0,0,64,29,28,-1.0
3,3,4,9,54,30,28,0.001457935
3,3,4,9,55,30,28,0.002233333
3,3,4,9,57,30,28,0.002400334
3,3,7,7,63,30,28,0.006295241
0,0,0,0,64,30,28,-1.0
3,3,4,4,54,31,28,0.002946072
3,3,4,9,55,31,28,0.002458948
3,3,4,4,54,32,28,0.003594209
3,3,4,9,55,32,28,0.002072868
3,3,4,4,54,33,28,0.002882817
3,3,4,9,55,33,28,0.001598662
3,3,4,9,56,33,28,0.001623281
1,1,1,1,58,33,28,0.010162617
3,3,4,9,53,34,28,0.000237281
3,3,4,9,54,34,28,0.001303959
3,3,4,9,55,34,28,0.002778754
3,3,7,7,59,34,28,0.006534027
3,3,4,9,54,35,28,0.000546215
3,3,4,4,55,35,28,0.00330142
3,3,4,9,56,35,28,0.002676342
3,3,4,9,57,35,28,0.002019397
3,1,7,7,58,35,28,0.007652789
3,3,4,9,54,36,28,0.000283261
3,3,4,9,57,36,28,0.000747087
3,3,4,9,56,26,29,0.001345836
0,0,0,0,60,26,29,-1.0
3,3,7,7,55,27,29,0.005523961
3,3,4,9,57,27,29,0.001885099
3,3,4,9,58,27,29,0.001345911
3,3,4,4,59,27,29,0.003334579
0,0,0,0,60,27,29,-1.0
3,1,1,1,61,27,29,0.009392548
1,4,5,5,62,27,29,0.018617041
3,3,4,9,54,28,29,0.001041283
3,3,4,4,55,28,29,0.004102275
0,0,0,0,60,28,29,-1.0
3,3,7,7,61,28,29,0.006113817
1,1,1,1,62,28,29,0.011829988
3,1,7,7,63,28,29,0.00806525
0,0,0,0,64,28,29,-1.0
3,3,4,9,54,29,29,0.001149444
3,3,4,9,55,29,29,0.001356832
3,3,4,9,57,29,29,0.002196505
3,3,7,7,61,29,29,0.006869876
1,1,1,10,62,29,29,0.014992894
3,3,4,4,63,29,29,0.004325577
0,0,0,0,64,29,29,-1.0
3,3,4,9,54,30,29,0.002501706
3,3,4,9,55,30,29,0.002436369
3,3,4,9,57,30,29,0.002217
3,3,4,4,59,30,29,0.003669024
3,3,7,7,63,30,29,0.005887431
0,0,0,0,64,30,29,-1.0
3,3,4,4,54,31,29,0.004251551
3,3,4,9,55,31,29,0.002679704
0,0,0,0,60,31,29,-1.0
3,3,7,7,54,32,29,0.005921528
3,3,4,9,55,32,29,0.002390386
3,3,4,9,56,32,29,0.00151848
3,3,7,4,54,33,29,0.005166821
3,3,4,9,55,33,29,0.00225071
3,3,4,9,56,33,29,0.001264066
3,1,1,1,58,33,29,0.009366349
3,3,4,9,53,34,29,0.000489253
3,3,4,9,54,34,29,0.001946169
3,3,4,4,55,34,29,0.003480291
1,1,1,1,58,34,29,0.010749511
3,3,4,4,59,34,29,0.004280459
3,3,4,9,54,35,29,0.000635649
3,3,4,4,55,35,29,0.004034276
3,3,4,9,56,35,29,0.00273208
3,3,4,9,57,35,29,0.001719651
3,1,7,7,58,35,29,0.007062529
0,0,0,0,60,26,30,-1.0
3,3,7,7,55,27,30,0.006924349
3,3,4,9,56,27,30,0.001987979
3,3,4,4,57,27,30,0.003194425
3,3,4,9,58,27,30,0.001672378
3,3,4,4,59,27,30,0.004076087
1,1,1,1,61,27,30,0.010407678
1,1,1,10,62,27,30,0.015338578
3,3,4,9,54,28,30,0.001732686
3,3,4,4,55,28,30,0.004646064
3,3,4,9,56,28,30,0.001202303
3,3,4,9,57,28,30,0.002231387
3,3,4,9,58,28,30,0.001915479
3,3,4,9,59,28,30,0.001935973
0,0,0,0,60,28,30,-1.0
3,1,7,1,61,28,30,0.008762122
1,1,1,1,62,28,30,0.011567916
3,1,7,7,63,28,30,0.007106304
0,0,0,0,64,28,30,-1.0
3,3,4,9,54,29,30,0.002041257
3,3,4,9,55,29,30,0.001572018
3,3,4,9,56,29,30,0.001018993
3,3,4,9,57,29,30,0.002040589
3,3,4,4,58,29,30,0.004357314
3,3,4,9,59,29,30,0.00223162
0,0,0,0,60,29,30,-1.0
1,1,1,1,61,29,30,0.00982004
1,4,5,5,62,29,30,0.018150527
3,3,7,7,63,29,30,0.005599373
0,0,0,0,64,29,30,-1.0
3,3,4,4,54,30,30,0.003652365
3,3,4,9,55,30,30,0.001953413
3,3,4,9,56,30,30,0.001229182
3,3,4,9,57,30,30,0.002319814
3,3,7,7,58,30,30,0.005930874
3,3,4,4,59,30,30,0.003767134
0,0,0,0,60,30,30,-1.0
3,1,7,1,61,30,30,0.008956258
1,4,5,8,62,30,30,0.023962114
3,3,7,7,63,30,30,0.00691857
0,0,0,0,64,30,30,-1.0
3,3,7,7,54,31,30,0.005521758
3,3,4,9,55,31,30,0.001968206
3,3,4,9,56,31,30,0.001338753
3,3,4,9,57,31,30,0.001995853
3,3,4,4,58,31,30,0.004507782
3,3,7,4,59,31,30,0.005190574
0,0,0,0,60,31,30,-1.0
1,4,5,5,62,31,30,0.020573491
3,3,7,7,63,31,30,0.005483634
3,1,7,7,54,32,30,0.007986829
3,3,4,9,55,32,30,0.00221854
3,3,4,9,56,32,30,0.001573979
3,3,4,9,57,32,30,0.002692872
3,3,7,7,58,32,30,0.00600568
0,0,0,0,60,32,30,-1.0
1,4,5,8,62,32,30,0.021567823
3,3,4,9,53,33,30,0.002029375
3,1,7,7,54,33,30,0.007117687
3,3,4,9,55,33,30,0.00260849
3,3,4,9,56,33,30,0.001289197
3,3,4,4,57,33,30,0.00323898
3,1,7,1,58,33,30,0.009038732
3,3,7,4,59,33,30,0.005142486
0,0,0,0,60,33,30,-1.0
3,3,4,9,53,34,30,0.000907178
3,3,4,9,54,34,30,0.002625121
3,3,4,4,55,34,30,0.002980051
3,3,4,9,56,34,30,0.001625088
3,3,4,9,57,34,30,0.002472864
1,1,1,1,58,34,30,0.010207552
3,3,4,4,59,34,30,0.00410453
3,3,4,9,54,35,30,0.000688263
3,3,4,9,55,35,30,0.002735499
3,3,4,9,56,35,30,0.00230636
3,3,4,9,57,35,30,0.001556767
3,1,7,7,58,35,30,0.007541332
3,3,4,9,55,36,30,0.001641413
0,0,0,0,60,26,31,-1.0
3,3,4,4,54,27,31,0.004545883
3,3,4,4,57,27,31,0.003046617
3,3,4,9,58,27,31,0.002830788
3,3,7,7,59,27,31,0.006132604
0,0,0,0,60,27,31,-1.0
1,1,1,1,61,27,31,0.011144924
1,1,1,1,62,27,31,0.01229426
1,1,1,1,63,27,31,0.010699088
3,3,4,4,54,28,31,0.003306405
3,1,1,1,55,28,31,0.009704477
3,3,4,9,56,28,31,0.0019593
3,3,4,9,57,28,31,0.002234076
3,3,4,9,58,28,31,0.002349742
3,3,4,4,59,28,31,0.004004126
0,0,0,0,60,28,31,-1.0
1,1,1,1,61,28,31,0.010070424
1,1,1,1,62,28,31,0.012515483
3,3,7,7,63,28,31,0.00610203
0,0,0,0,64,28,31,-1.0
3,3,4,4,54,29,31,0.002865667
3,3,4,9,55,29,31,0.001982778
3,3,4,9,56,29,31,0.001267682
3,3,4,9,57,29,31,0.002231577
3,3,4,4,58,29,31,0.003377514
3,3,4,4,59,29,31,0.003566168
0,0,0,0,60,29,31,-1.0
1,1,1,1,61,29,31,0.011266793
1,4,5,8,62,29,31,0.02198646
3,1,7,7,63,29,31,0.007337309
0,0,0,0,64,29,31,-1.0
3,3,4,4,54,30,31,0.004287078
3,3,4,9,55,30,31,0.001750075
3,3,4,9,56,30,31,0.001435806
3,3,4,9,57,30,31,0.002522449
3,3,4,4,58,30,31,0.00391598
3,3,4,4,59,30,31,0.004339677
0,0,0,0,60,30,31,-1.0
1,1,1,1,61,30,31,0.009948852
1,4,3,12,62,30,31,0.028102648
3,1,7,7,63,30,31,0.008722258
0,0,0,0,64,30,31,-1.0
3,3,7,7,54,31,31,0.005540136
3,3,4,9,55,31,31,0.001587689
3,3,4,9,56,31,31,0.001581287
3,3,4,9,57,31,31,0.002206128
3,3,4,4,58,31,31,0.003233868
3,3,7,7,59,31,31,0.00547288
0,0,0,0,60,31,31,-1.0
1,1,1,1,61,31,31,0.010620398
1,4,5,8,62,31,31,0.024007203
3,3,7,7,63,31,31,0.006753768
0,0,0,0,64,31,31,-1.0
3,3,7,7,54,32,31,0.006888033
3,3,4,9,55,32,31,0.001878796
3,3,4,9,56,32,31,0.001950669
3,3,4,4,57,32,31,0.003431565
3,3,7,4,58,32,31,0.005128724
3,3,7,7,59,32,31,0.006249609
0,0,0,0,60,32,31,-1.0
1,1,1,10,61,32,31,0.014013835
1,4,5,8,62,32,31,0.023426011
3,3,7,7,63,32,31,0.006183508
0,0,0,0,64,32,31,-1.0
3,3,4,9,53,33,31,0.002487533
3,3,7,7,54,33,31,0.00563475
3,3,4,9,55,33,31,0.002173803
3,3,4,9,56,33,31,0.001889442
3,3,4,4,57,33,31,0.004376133
3,1,7,7,58,33,31,0.008124634
3,3,7,7,59,33,31,0.006734202
0,0,0,0,60,33,31,-1.0
1,4,3,12,62,33,31,0.026610345
3,3,4,9,53,34,31,0.001074364
3,3,4,9,54,34,31,0.002298626
3,3,4,9,55,34,31,0.001915648
3,3,4,9,56,34,31,0.001486785
3,3,4,4,57,34,31,0.003434551
1,1,1,1,58,34,31,0.009855957
3,3,7,7,59,34,31,0.006218432
0,0,0,0,60,34,31,-1.0
1,1,1,10,61,34,31,0.012723568
1,4,3,12,62,34,31,0.026560444
3,3,4,9,54,35,31,0.000857223
3,3,4,9,55,35,31,0.001213225
3,3,4,9,56,35,31,0.001067747
3,3,4,9,57,35,31,0.002055003
3,1,1,1,58,35,31,0.00954887
3,3,4,4,59,35,31,0.004767559
0,0,0,0,60,35,31,-1.0
3,3,4,9,54,36,31,0.000444334
3,3,4,9,55,36,31,0.000450974
3,3,4,9,57,36,31,0.001040259
3,3,7,7,58,36,31,0.006090953
3,3,4,4,57,27,32,0.003155479
3,3,7,7,58,27,32,0.006599836
1,1,1,1,59,27,32,0.010386275
0,0,0,0,60,27,32,-1.0
1,1,1,1,61,27,32,0.011820537
1,1,1,10,62,27,32,0.014395771
3,1,7,7,63,27,32,0.007184304
0,0,0,0,64,27,32,-1.0
3,3,4,4,54,28,32,0.003272086
3,3,4,9,57,28,32,0.00247419
3,3,7,7,58,28,32,0.005842632
3,1,1,1,59,28,32,0.009361947
0,0,0,0,60,28,32,-1.0
1,1,1,1,61,28,32,0.010407089
1,4,5,10,62,28,32,0.016196784
3,3,7,7,63,28,32,0.006375959
0,0,0,0,64,28,32,-1.0
3,3,4,4,54,29,32,0.002953635
3,3,4,9,55,29,32,0.002348636
3,3,4,9,56,29,32,0.002107508
3,3,4,9,57,29,32,0.002662855
3,3,7,7,58,29,32,0.005462876
3,1,1,1,59,29,32,0.009508721
0,0,0,0,60,29,32,-1.0
1,1,1,1,61,29,32,0.011016714
1,4,5,8,62,29,32,0.02185391
3,1,7,7,63,29,32,0.007395479
0,0,0,0,64,29,32,-1.0
3,3,4,4,54,30,32,0.004327351
3,3,4,9,55,30,32,0.002196091
3,3,4,9,56,30,32,0.002442594
3,3,4,4,57,30,32,0.003658717
3,3,4,4,58,30,32,0.004709195
3,1,1,1,59,30,32,0.00974136
0,0,0,0,60,30,32,-1.0
1,1,1,1,61,30,32,0.010379655
1,4,3,12,62,30,32,0.026262786
3,1,7,7,63,30,32,0.008398392
0,0,0,0,64,30,32,-1.0
3,3,7,4,54,31,32,0.005255976
3,3,4,9,55,31,32,0.002270173
3,3,4,4,56,31,32,0.003094347
3,3,7,7,57,31,32,0.005501213
3,3,4,4,58,31,32,0.004269692
1,1,1,1,59,31,32,0.009823981
0,0,0,0,60,31,32,-1.0
1,1,1,1,61,31,32,0.0113401
1,4,3,12,62,31,32,0.02580874
3,1,7,7,63,31,32,0.008144161
0,0,0,0,64,31,32,-1.0
3,3,7,4,54,32,32,0.005193174
3,3,4,4,55,32,32,0.002977138
3,3,4,4,56,32,32,0.004315211
3,1,1,1,57,32,32,0.009735024
3,3,7,7,58,32,32,0.006359739
1,1,1,1,59,32,32,0.009900597
0,0,0,0,60,32,32,-1.0
1,1,1,10,61,32,32,0.014123066
1,4,3,8,62,32,32,0.025005559
3,1,7,7,63,32,32,0.007218636
0,0,0,0,64,32,32,-1.0
3,3,4,4,54,33,32,0.003803935
3,3,4,4,55,33,32,0.003471033
3,3,4,4,56,33,32,0.00468845
1,1,1,1,57,33,32,0.010828828
3,1,7,1,58,33,32,0.009090371
1,1,1,1,59,33,32,0.010165872
1,1,1,10,61,33,32,0.015223812
1,4,3,12,62,33,32,0.027224733
1,1,1,1,63,33,32,0.01167822
0,0,0,0,64,33,32,-1.0
3,3,4,9,53,34,32,0.001974417
3,3,4,9,54,34,32,0.002109547
3,3,4,4,55,34,32,0.003004599
3,3,4,4,56,34,32,0.003316698
3,1,7,7,57,34,32,0.007469418
1,1,1,1,58,34,32,0.011722574
1,1,1,1,59,34,32,0.010269662
1,1,1,1,61,34,32,0.010807816
1,4,3,12,62,34,32,0.028327424
3,3,4,9,53,35,32,0.001434194
3,3,4,9,54,35,32,0.001436062
3,3,4,9,55,35,32,0.001559542
3,3,4,4,57,35,32,0.004097099
1,1,1,10,58,35,32,0.014839842
3,1,7,1,59,35,32,0.009320277
0,0,0,0,60,35,32,-1.0
3,3,4,9,55,36,32,0.000394849
3,3,4,9,57,36,32,0.001779129
3,1,1,1,58,36,32,0.009443184
3,3,4,4,59,36,32,0.004174386
3,3,4,9,57,37,32,0.000645439
3,3,4,9,54,25,33,0.002425915
3,3,4,9,54,26,33,0.002165177
3,3,7,7,55,27,33,0.006923022
3,3,4,4,57,27,33,0.004810239
0,0,0,0,60,27,33,-1.0
1,1,1,1,61,27,33,0.011654109
1,4,5,10,62,27,33,0.015881488
3,3,7,7,63,27,33,0.007010581
0,0,0,0,64,27,33,-1.0
3,3,4,9,54,28,33,0.002438887
3,3,7,4,55,28,33,0.005081765
3,3,4,9,56,28,33,0.002262718
3,3,4,4,57,28,33,0.003393967
1,1,1,1,58,28,33,0.011170762
1,4,5,5,59,28,33,0.017909767
0,0,0,0,60,28,33,-1.0
1,1,1,1,61,28,33,0.011800546
1,4,5,5,62,28,33,0.018282063
3,1,7,7,63,28,33,0.007471035
0,0,0,0,64,28,33,-1.0
0,0,0,0,65,28,33,-1.0
3,3,4,4,54,29,33,0.002951728
3,3,4,9,55,29,33,0.002658957
3,3,4,9,56,29,33,0.002458741
3,3,4,4,57,29,33,0.00317562
1,1,1,1,58,29,33,0.010734497
1,4,5,5,59,29,33,0.01759905
0,0,0,0,60,29,33,-1.0
1,1,1,1,61,29,33,0.012090821
1,4,5,5,62,29,33,0.019335669
3,1,7,7,63,29,33,0.007692612
0,0,0,0,64,29,33,-1.0
3,3,4,4,54,30,33,0.004285353
3,3,4,4,55,30,33,0.003335885
3,3,4,4,56,30,33,0.003548114
3,3,7,7,57,30,33,0.00680586
1,1,1,1,58,30,33,0.009941585
1,4,5,5,59,30,33,0.017325332
0,0,0,0,60,30,33,-1.0
1,1,1,1,61,30,33,0.011672825
1,4,5,8,62,30,33,0.022459252
3,1,7,7,63,30,33,0.008645035
0,0,0,0,64,30,33,-1.0
3,3,4,4,55,31,33,0.004341767
3,1,7,7,56,31,33,0.007129836
1,1,5,10,57,31,33,0.015644344
1,1,1,1,58,31,33,0.011218656
1,4,5,10,59,31,33,0.016300263
0,0,0,0,60,31,33,-1.0
1,1,1,1,61,31,33,0.012007756
1,4,3,12,62,31,33,0.026507461
1,1,1,1,63,31,33,0.010159545
0,0,0,0,64,31,33,-1.0
3,3,7,4,54,32,33,0.00545278
3,1,7,7,55,32,33,0.007741568
1,1,1,1,56,32,33,0.011546548
1,4,3,12,57,32,33,0.028053166
1,4,5,5,58,32,33,0.017358681
1,1,1,10,59,32,33,0.015351443
0,0,0,0,60,32,33,-1.0
1,1,1,10,61,32,33,0.014044806
1,4,3,12,62,32,33,0.026858076
3,1,7,1,63,32,33,0.008945671
0,0,0,0,64,32,33,-1.0
3,3,4,4,54,33,33,0.004848884
1,1,1,1,55,33,33,0.010333231
1,1,1,1,56,33,33,0.011150417
1,4,3,12,57,33,33,0.02616504
1,4,5,5,58,33,33,0.017055752
1,1,1,10,59,33,33,0.014176023
1,1,1,10,61,33,33,0.014484843
1,4,3,12,62,33,33,0.02662741
1,1,1,1,63,33,33,0.010621666
0,0,0,0,64,33,33,-1.0
3,3,4,4,54,34,33,0.003806946
3,1,1,1,55,34,33,0.009580325
3,3,7,7,56,34,33,0.006783909
1,1,1,1,57,34,33,0.012524241
1,4,5,10,58,34,33,0.015833424
1,1,1,10,59,34,33,0.014851653
1,4,3,12,62,34,33,0.02681691
1,1,1,10,63,34,33,0.015000876
3,3,4,9,54,35,33,0.002698286
3,3,4,4,55,35,33,0.004771547
3,3,4,9,56,35,33,0.00278775
3,3,7,7,57,35,33,0.005634125
1,4,5,8,58,35,33,0.021116478
1,1,1,1,63,35,33,0.01010683
3,3,4,9,54,36,33,0.00142889
3,3,4,9,56,36,33,0.000641902
3,3,4,9,57,36,33,0.002254459
1,1,1,1,58,36,33,0.012142859
3,3,7,7,59,36,33,0.00647837
3,3,4,9,58,37,33,0.002753201
3,3,4,9,54,25,34,0.002603003
3,3,4,9,54,26,34,0.002167552
3,1,7,7,63,26,34,0.008658917
3,3,4,9,54,27,34,0.001941458
3,3,4,4,55,27,34,0.003008672
3,1,1,1,61,27,34,0.009778695
1,1,1,10,62,27,34,0.013844698
3,1,7,7,63,27,34,0.00796318
0,0,0,0,64,27,34,-1.0
3,3,4,9,54,28,34,0.002624665
3,3,4,9,55,28,34,0.002665425
3,3,4,4,56,28,34,0.003892
3,3,7,7,57,28,34,0.006622848
1,4,5,10,58,28,34,0.016446562
1,4,3,8,59,28,34,0.025379838
0,0,0,0,60,28,34,-1.0
1,1,1,1,61,28,34,0.011270745
1,4,5,10,62,28,34,0.016597388
3,1,7,7,63,28,34,0.008650351
0,0,0,0,64,28,34,-1.0
0,0,0,0,65,28,34,-1.0
3,3,4,9,53,29,34,0.001918433
3,3,4,4,54,29,34,0.003765296
3,3,4,4,55,29,34,0.003899959
3,3,4,4,56,29,34,0.004285067
3,3,7,7,57,29,34,0.005741414
1,4,5,5,58,29,34,0.01694023
1,4,5,8,59,29,34,0.023078201
0,0,0,0,60,29,34,-1.0
1,1,1,10,61,29,34,0.012606939
1,4,5,5,62,29,34,0.01833912
1,1,1,1,63,29,34,0.010123019
0,0,0,0,64,29,34,-1.0
0,0,0,0,65,29,34,-1.0
3,3,4,9,53,30,34,0.002466664
3,3,7,4,54,30,34,0.004942606
3,1,7,7,55,30,34,0.007053615
3,1,7,7,56,30,34,0.008679776
1,4,5,10,57,30,34,0.016072266
1,4,5,5,58,30,34,0.017881574
1,4,5,8,59,30,34,0.021772511
0,0,0,0,60,30,34,-1.0
1,1,1,10,61,30,34,0.01466625
1,4,5,8,62,30,34,0.022904586
1,1,1,1,63,30,34,0.011839305
0,0,0,0,64,30,34,-1.0
0,0,0,0,65,30,34,-1.0
3,3,4,4,53,31,34,0.00323791
3,3,7,7,54,31,34,0.006167194
1,1,1,1,55,31,34,0.010407193
1,4,5,5,56,31,34,0.019179555
2,2,3,3,57,31,34,0.036437284
1,4,5,8,58,31,34,0.024471914
1,4,5,5,59,31,34,0.019605301
1,4,5,5,61,31,34,0.017908618
1,4,3,12,62,31,34,0.028086623
1,1,1,10,63,31,34,0.012640091
0,0,0,0,64,31,34,-1.0
3,3,7,4,52,32,34,0.004880113
3,3,4,4,53,32,34,0.004768413
3,1,7,1,54,32,34,0.0090367
1,4,5,5,55,32,34,0.020458097
1,4,3,12,56,32,34,0.027941572
2,5,6,6,57,32,34,0.05127903
2,2,6,3,58,32,34,0.041090194
1,4,5,5,59,32,34,0.018066673
0,0,0,0,60,32,34,-1.0
1,4,5,5,61,32,34,0.017704196
1,4,3,12,62,32,34,0.028319124
1,1,1,1,63,32,34,0.011037231
0,0,0,0,64,32,34,-1.0
3,1,7,7,53,33,34,0.007533019
1,1,1,1,54,33,34,0.010648282
1,4,3,12,55,33,34,0.027163606
1,4,5,8,56,33,34,0.02413465
2,2,6,3,57,33,34,0.04055506
2,2,3,3,58,33,34,0.03277974
0,0,0,0,60,33,34,-1.0
1,1,1,10,61,33,34,0.014965565
1,4,3,8,62,33,34,0.025072763
1,1,1,1,63,33,34,0.011588675
0,0,0,0,64,33,34,-1.0
3,1,7,7,53,34,34,0.007409955
3,1,7,1,54,34,34,0.009091091
1,4,5,8,55,34,34,0.024633868
1,1,1,10,56,34,34,0.013063835
1,1,1,10,57,34,34,0.014956303
1,4,5,5,58,34,34,0.01812432
1,1,1,10,59,34,34,0.015382121
0,0,0,0,60,34,34,-1.0
1,1,1,1,61,34,34,0.010115959
1,1,1,10,63,34,34,0.014165176
0,0,0,0,64,34,34,-1.0
3,3,7,4,53,35,34,0.005060501
3,3,4,4,54,35,34,0.004192208
1,1,1,1,55,35,34,0.011258279
3,3,4,4,56,35,34,0.004442416
3,3,7,4,57,35,34,0.005024738
1,4,5,10,58,35,34,0.016626425
1,1,5,10,59,35,34,0.01569692
0,0,0,0,60,35,34,-1.0
3,3,4,9,54,36,34,0.001393688
3,3,4,9,55,36,34,0.001790159
3,3,4,9,56,36,34,0.000810281
3,3,4,9,57,36,34,0.001627626
3,1,7,7,58,36,34,0.008323435
3,3,7,7,59,36,34,0.005712041
3,3,4,9,58,37,34,0.001263568
3,3,4,9,59,37,34,0.001068464
3,3,7,7,54,26,35,0.006252925
1,4,5,10,62,26,35,0.015994877
1,1,1,10,53,27,35,0.013682359
3,3,7,4,54,27,35,0.005084793
3,3,4,4,55,27,35,0.003165858
1,4,5,8,59,27,35,0.02413062
3,1,7,7,61,27,35,0.007187247
1,1,1,10,62,27,35,0.01395342
0,0,0,0,64,27,35,-1.0
3,3,7,7,53,28,35,0.005855357
3,3,7,4,54,28,35,0.005332288
3,3,4,4,55,28,35,0.003238608
1,4,5,8,59,28,35,0.023070518
0,0,0,0,60,28,35,-1.0
3,1,7,7,61,28,35,0.00816936
1,1,1,10,62,28,35,0.014994336
1,1,1,1,63,28,35,0.009884301
0,0,0,0,64,28,35,-1.0
3,1,7,7,56,29,35,0.00866866
1,1,1,1,57,29,35,0.010063147
1,4,5,5,58,29,35,0.018622143
1,4,5,8,59,29,35,0.021107044
0,0,0,0,60,29,35,-1.0
1,1,1,1,61,29,35,0.010578985
1,4,5,5,62,29,35,0.018232297
1,1,1,10,63,29,35,0.014317717
0,0,0,0,64,29,35,-1.0
0,0,0,0,65,29,35,-1.0
3,3,4,4,53,30,35,0.002855233
3,1,7,7,54,30,35,0.00731898
1,1,1,10,55,30,35,0.012789047
1,4,5,5,56,30,35,0.01999359
2,4,3,12,57,30,35,0.0293548
1,4,5,8,58,30,35,0.021737818
0,0,0,0,60,30,35,-1.0
1,4,5,5,61,30,35,0.017475037
1,4,5,8,62,30,35,0.02470325
1,4,5,10,63,30,35,0.0165762
0,0,0,0,64,30,35,-1.0
0,0,0,0,65,30,35,-1.0
3,3,4,4,53,31,35,0.004274434
3,1,7,7,54,31,35,0.008448116
1,4,5,8,55,31,35,0.02223832
2,2,6,3,56,31,35,0.040641353
2,5,2,2,57,31,35,0.061109137
2,2,3,3,58,31,35,0.034863446
1,4,5,5,59,31,35,0.017966509
0,0,0,0,60,31,35,-1.0
2,2,3,12,61,31,35,0.030306604
2,2,3,12,62,31,35,0.02976102
1,1,1,10,63,31,35,0.014159031
0,0,0,0,64,31,35,-1.0
0,0,0,0,65,31,35,-1.0
3,1,7,7,53,32,35,0.007538426
1,1,1,10,54,32,35,0.014305064
2,2,6,3,55,32,35,0.040277872
2,5,6,6,56,32,35,0.05225248
2,5,2,2,57,32,35,0.063409306
2,5,2,2,58,32,35,0.05904818
1,4,5,5,59,32,35,0.018028527
0,0,0,0,60,32,35,-1.0
1,4,3,12,62,32,35,0.027064592
1,1,1,1,63,32,35,0.011982446
0,0,0,0,64,32,35,-1.0
1,1,1,1,53,33,35,0.011353702
1,4,5,5,54,33,35,0.018602937
2,5,6,6,55,33,35,0.050224476
2,2,6,6,56,33,35,0.043666597
2,2,6,3,57,33,35,0.039635073
2,2,6,6,58,33,35,0.04414554
1,4,5,10,59,33,35,0.015819602
0,0,0,0,60,33,35,-1.0
0,0,0,0,64,33,35,-1.0
2,2,6,6,55,34,35,0.043728355
1,4,5,8,56,34,35,0.022735318
1,1,1,1,57,34,35,0.012096418
1,4,5,5,58,34,35,0.01961954
0,0,0,0,60,34,35,-1.0
1,1,1,1,61,34,35,0.011775497
1,1,1,1,63,34,35,0.010148469
1,4,5,5,55,35,35,0.019198949
3,3,4,4,57,35,35,0.003080153
3,1,1,1,58,35,35,0.009406545
1,1,1,1,59,35,35,0.012082416
0,0,0,0,60,35,35,-1.0
3,3,7,7,61,35,35,0.006287049
3,3,4,9,57,36,35,0.000726382
3,3,4,4,58,36,35,0.003636841
3,3,4,4,59,36,35,0.003751508
3,3,4,9,61,36,35,0.001485661
3,3,4,9,58,37,35,0.000391367
2,2,6,3,53,26,36,0.03944639
1,4,3,12,53,27,36,0.026342096
0,0,0,0,60,27,36,-1.0
1,4,5,5,62,27,36,0.019343557
0,0,0,0,64,27,36,-1.0
3,1,7,1,54,28,36,0.008842525
0,0,0,0,60,28,36,-1.0
3,3,7,7,61,28,36,0.006477387
1,4,5,5,62,28,36,0.018981958
0,0,0,0,64,28,36,-1.0
1,1,1,1,54,29,36,0.010973427
3,3,7,7,55,29,36,0.007019467
1,1,1,10,56,29,36,0.012962506
1,1,1,10,57,29,36,0.014318037
1,4,5,10,59,29,36,0.016423428
0,0,0,0,60,29,36,-1.0
3,1,7,7,61,29,36,0.008199483
1,4,5,8,62,29,36,0.020927459
1,4,5,5,63,29,36,0.016970506
0,0,0,0,64,29,36,-1.0
3,3,4,4,53,30,36,0.00400848
1,1,1,1,54,30,36,0.011129785
1,4,5,5,55,30,36,0.017350415
2,2,3,12,56,30,36,0.031391963
2,2,3,3,57,30,36,0.037103165
1,4,5,8,58,30,36,0.02100026
1,1,1,10,59,30,36,0.013812512
0,0,0,0,60,30,36,-1.0
1,1,1,10,61,30,36,0.015168307
1,4,3,12,62,30,36,0.02728343
1,4,5,5,63,30,36,0.019131714
0,0,0,0,64,30,36,-1.0
3,3,7,7,53,31,36,0.00695913
1,1,1,10,54,31,36,0.012749734
2,2,3,3,55,31,36,0.036135547
2,5,2,2,56,31,36,0.057969164
2,5,2,11,57,31,36,0.0719765
2,2,3,3,58,31,36,0.035695117
1,1,1,10,59,31,36,0.013674534
0,0,0,0,60,31,36,-1.0
2,2,3,12,61,31,36,0.029489292
2,2,3,12,62,31,36,0.030265464
1,1,1,10,63,31,36,0.014882202
1,1,1,1,53,32,36,0.011991209
1,4,5,5,54,32,36,0.01839927
2,5,6,2,55,32,36,0.053277534
2,5,2,11,56,32,36,0.068461396
2,5,2,11,57,32,36,0.070118524
2,5,2,2,58,32,36,0.057531446
1,4,5,10,59,32,36,0.016164998
1,4,5,8,62,32,36,0.02161698
1,1,1,10,63,32,36,0.012767238
0,0,0,0,64,32,36,-1.0
1,1,1,10,53,33,36,0.014448391
1,4,5,8,54,33,36,0.022312675
2,5,6,2,55,33,36,0.054239955
2,5,6,6,56,33,36,0.05287211
2,2,6,6,58,33,36,0.044544782
1,1,1,10,61,33,36,0.0127424
3,1,7,1,63,33,36,0.009302093
0,0,0,0,64,33,36,-1.0
1,1,1,1,53,34,36,0.010189694
1,4,5,5,54,34,36,0.01795393
2,2,3,3,55,34,36,0.03594728
1,4,5,8,56,34,36,0.024700342
1,1,1,1,57,34,36,0.010552294
1,4,5,8,58,34,36,0.021943858
1,1,1,1,59,34,36,0.010506878
0,0,0,0,60,34,36,-1.0
1,1,1,1,61,34,36,0.011006189
3,3,4,4,63,34,36,0.003983037
0,0,0,0,64,34,36,-1.0
3,3,4,4,54,35,36,0.004771918
1,1,1,10,55,35,36,0.013753606
3,3,4,4,56,35,36,0.004234613
3,3,4,9,57,35,36,0.001925985
3,3,7,7,58,35,36,0.005823508
3,3,7,4,59,35,36,0.004869517
3,3,7,4,61,35,36,0.005177352
3,3,4,9,58,36,36,0.00156696
2,5,2,2,53,25,37,0.057448093
2,5,6,6,53,26,37,0.052545328
2,2,3,3,53,27,37,0.03187341
1,1,1,1,53,28,37,0.012529138
3,3,7,7,53,29,37,0.00602425
1,4,3,12,62,29,37,0.028789682
1,1,1,10,63,29,37,0.015478985
0,0,0,0,64,29,37,-1.0
2,2,3,3,62,30,37,0.032887753
1,4,5,5,63,30,37,0.016660105
0,0,0,0,64,30,37,-1.0
1,1,1,1,53,31,37,0.010222344
1,4,5,5,54,31,37,0.018089214
2,5,2,2,57,31,37,0.06379655
2,2,3,3,58,31,37,0.032357197
1,1,1,10,59,31,37,0.014113127
2,2,3,3,62,31,37,0.033668347
1,4,5,10,63,31,37,0.016456058
1,4,5,10,53,32,37,0.015919952
1,4,5,8,54,32,37,0.022557301
1,4,5,10,59,32,37,0.016050294
1,4,5,8,62,32,37,0.023853684
1,4,5,10,63,32,37,0.016457167
1,4,5,8,54,33,37,0.021766864
2,2,6,6,55,33,37,0.04206914
2,2,3,3,58,33,37,0.032063417
1,1,1,10,59,33,37,0.013972141
1,1,1,10,62,33,37,0.014994036
1,1,1,1,63,33,37,0.010926807
0,0,0,0,64,33,37,-1.0
3,1,7,7,53,34,37,0.008604862
1,1,1,10,54,34,37,0.01397324
1,4,5,10,55,34,37,0.016035693
1,1,1,10,58,34,37,0.015139488
3,1,7,7,59,34,37,0.00765965
0,0,0,0,60,34,37,-1.0
3,3,4,9,63,34,37,0.002285501
3,3,4,4,55,35,37,0.004645371
3,3,4,9,56,35,37,0.001445297
3,3,4,9,58,35,37,0.002797503
3,3,4,9,59,35,37,0.001560486
2,2,6,6,53,25,38,0.0464784
2,2,6,6,53,26,38,0.042877786
1,1,1,10,62,33,38,0.012970295
1,4,5,5,53,25,39,0.018978873
3,3,4,9,63,34,39,0.000239279
