voxel_number,first_dataset_13,second_dataset_13,Structure-ID,voxRowNum
1,5,8,852,51174
3,5,4,852,53921
4,5,4,852,53988
5,8,12,136,54466
6,5,4,852,56668
7,5,4,852,56735
8,5,4,852,56802
9,5,4,852,56869
10,8,12,852,56878
11,5,4,852,56936
12,8,12,136,56945
13,8,0,1098,56946
15,5,4,852,57004
16,5,4,852,57005
17,10,12,136,57009
18,8,12,136,57012
21,9,4,136,57070
22,5,4,852,57071
23,5,4,852,57072
24,5,12,852,57074
25,10,12,136,57075
26,10,12,136,57076
27,8,0,136,57079
29,2,8,136,57137
30,12,4,852,57138
31,10,12,136,57143
32,8,0,136,57146
34,6,2,661,57204
35,11,4,661,57206
36,5,4,852,57209
37,5,4,978,57210
38,8,0,136,57213
39,8,0,136,57214
41,6,2,661,57271
43,11,4,661,57273
44,11,4,661,57274
45,9,4,978,57276
46,9,4,978,57277
47,9,4,978,57278
48,4,6,136,57281
51,1,10,661,57341
54,11,4,852,59482
55,11,4,852,59549
56,10,12,852,59556
57,8,12,852,59558
59,12,8,852,59617
60,10,12,852,59623
61,10,12,852,59624
62,8,12,852,59625
64,5,4,852,59684
65,7,3,852,59685
66,7,3,852,59686
67,10,12,852,59687
68,10,12,852,59688
69,10,12,852,59689
70,10,11,852,59690
71,10,12,136,59691
72,8,0,136,59692
75,5,4,136,59750
76,5,4,852,59751
77,5,4,852,59752
78,10,12,852,59753
79,10,12,852,59754
80,10,12,852,59755
81,10,12,136,59756
82,10,12,136,59757
83,10,12,136,59758
84,8,0,136,59759
88,12,4,136,59817
89,12,4,852,59818
90,5,4,852,59819
91,5,12,852,59820
92,10,12,852,59821
93,10,12,136,59822
94,10,12,136,59823
95,10,12,136,59824
96,10,0,136,59825
97,8,0,136,59826
99,12,8,661,59884
100,12,8,661,59885
101,5,4,661,59886
102,5,4,136,59887
103,5,12,852,59888
104,5,12,852,59889
105,10,12,136,59890
106,8,0,136,59893
109,2,8,661,59951
110,12,8,661,59952
111,11,3,661,59953
112,11,4,661,59954
113,5,4,136,59956
114,8,12,978,59959
115,8,0,136,59961
117,6,1,661,60018
118,11,8,661,60019
119,11,3,661,60020
120,11,3,661,60021
121,11,4,978,60022
122,5,4,136,60023
123,3,12,978,60026
124,8,6,136,60028
125,4,0,1107,60029
127,1,10,661,60087
128,1,10,661,60088
129,1,10,978,60089
130,1,4,978,60090
131,4,5,978,60091
132,4,5,978,60092
133,4,5,978,60093
135,9,1,852,62230
136,8,12,852,62238
137,11,8,852,62296
138,2,8,852,62297
139,9,1,852,62298
140,10,12,852,62302
141,10,11,852,62304
142,8,11,852,62305
144,12,8,852,62363
146,2,8,852,62365
147,5,1,852,62366
148,10,12,852,62368
149,10,12,852,62369
150,10,11,852,62370
151,10,11,852,62371
152,8,11,852,62372
156,12,8,136,62430
157,12,8,852,62433
158,5,4,852,62434
159,10,12,852,62435
160,10,11,852,62436
161,10,11,136,62437
162,10,11,136,62438
163,8,11,136,62439
167,12,8,136,62497
168,12,8,852,62498
169,12,8,852,62499
170,5,3,852,62500
171,10,12,852,62501
172,10,12,852,62502
173,10,11,136,62504
174,10,12,136,62505
175,8,0,136,62506
179,12,8,136,62564
180,12,8,136,62565
181,12,4,852,62566
182,5,4,136,62567
183,5,12,136,62568
184,10,12,136,62569
185,10,12,136,62570
186,8,12,136,62572
187,8,0,136,62573
191,12,8,136,62631
192,12,8,136,62632
193,12,4,136,62633
194,5,4,136,62634
195,5,4,136,62635
196,5,12,136,62636
197,10,12,136,62637
198,10,12,136,62638
199,8,0,1048,62640
202,12,8,661,62698
203,12,8,661,62699
204,11,3,661,62700
205,11,4,661,62701
206,5,4,136,62702
207,5,4,939,62703
208,10,12,939,62704
209,10,12,939,62705
211,11,8,661,62766
212,11,3,661,62767
213,11,3,661,62768
214,11,4,978,62769
215,5,4,143,62770
216,10,12,143,62772
217,8,6,1107,62775
218,11,10,978,62836
219,4,3,143,62837
220,4,12,978,62838
221,4,12,978,62839
222,4,12,978,62840
223,1,10,978,62903
224,1,10,978,62904
225,1,5,978,62905
226,1,5,978,62906
227,1,5,978,62907
229,4,7,852,64910
230,9,1,852,64977
231,8,11,1098,64986
232,6,2,852,65044
233,9,1,852,65045
234,9,5,852,65046
235,10,11,852,65051
236,8,11,852,65052
237,8,11,1098,65053
238,0,11,1098,65054
239,6,2,852,65111
240,6,2,852,65112
241,9,1,852,65113
242,5,4,852,65114
243,10,12,852,65115
244,10,12,852,65116
245,10,11,852,65117
246,10,11,852,65118
247,8,11,852,65119
248,0,11,1098,65120
251,6,2,136,65177
252,6,2,852,65178
253,6,2,852,65179
255,5,4,852,65181
256,10,12,852,65182
257,10,11,852,65183
258,10,11,136,65184
259,10,11,136,65185
260,8,11,136,65186
265,6,2,136,65245
266,6,2,852,65246
267,2,8,136,65247
268,5,4,136,65248
269,10,12,136,65249
270,10,12,136,65250
271,10,12,136,65251
272,8,12,136,65252
273,8,0,136,65253
276,12,8,136,65311
278,2,8,136,65313
279,2,8,136,65314
280,5,4,136,65315
281,5,12,136,65316
282,10,12,136,65317
283,8,12,136,65319
284,8,0,136,65320
287,12,8,136,65379
288,12,8,136,65380
289,12,8,136,65381
290,5,4,136,65382
291,5,4,136,65383
292,10,12,136,65384
293,10,12,1048,65385
294,8,12,1048,65386
295,8,0,1107,65387
298,12,8,661,65445
299,12,8,661,65446
300,12,8,661,65447
301,12,8,661,65448
302,5,4,136,65449
303,5,4,136,65450
304,5,12,978,65451
305,10,12,978,65452
306,8,12,978,65453
307,8,0,1107,65454
308,8,0,1107,65455
310,12,8,661,65512
311,11,8,661,65513
312,11,3,661,65514
313,11,8,661,65515
314,12,8,978,65516
315,7,4,1048,65517
316,7,12,978,65518
317,10,12,978,65519
318,8,12,978,65520
319,8,0,1107,65522
322,11,3,661,65580
323,11,3,661,65581
324,11,3,978,65582
325,7,3,978,65583
326,7,3,978,65584
327,7,12,978,65585
328,4,12,978,65586
330,1,10,661,65648
331,1,10,978,65649
332,4,10,978,65650
333,4,3,978,65651
334,4,12,978,65652
335,1,5,978,65718
336,1,5,978,65719
337,3,7,852,67657
338,9,5,852,67724
339,9,1,852,67792
340,3,7,136,67794
341,10,11,852,67797
342,10,11,852,67798
343,8,11,852,67799
344,8,11,1098,67800
345,0,11,1098,67801
346,6,2,136,67858
347,6,2,852,67859
348,9,1,852,67860
349,9,1,136,67861
350,5,4,136,67862
351,10,12,136,67863
352,10,11,852,67864
353,10,11,136,67865
354,8,11,136,67866
355,0,11,136,67867
358,6,2,136,67925
359,6,2,136,67926
360,6,2,136,67927
361,2,8,136,67928
362,5,4,136,67929
363,10,12,136,67930
364,10,12,136,67931
365,10,12,136,67932
366,8,0,136,67933
369,6,2,136,67992
370,6,2,136,67993
371,6,2,136,67994
372,2,8,136,67995
373,5,4,136,67996
374,5,12,136,67997
375,10,12,1048,67998
376,8,12,136,67999
377,8,0,1107,68000
382,2,8,136,68062
383,5,4,1048,68063
384,5,12,1048,68064
385,5,12,1048,68065
386,5,12,1048,68066
387,8,0,1107,68067
390,12,8,136,68126
391,2,8,136,68127
392,2,8,136,68128
393,2,8,136,68129
394,5,4,1048,68130
395,5,4,1048,68131
396,5,4,1048,68132
397,5,12,1048,68133
398,8,0,1107,68134
401,12,8,661,68193
402,12,8,136,68194
403,12,8,1048,68195
404,12,8,1048,68196
405,5,4,1048,68197
406,5,4,1048,68198
407,8,4,1048,68200
408,8,0,1107,68201
411,12,8,661,68260
412,12,8,661,68261
413,12,8,978,68262
414,7,8,1048,68263
415,7,3,1048,68264
416,7,3,1048,68265
417,8,12,1107,68268
419,11,8,661,68327
420,11,3,661,68328
421,7,3,978,68329
422,7,3,978,68330
423,7,3,978,68331
424,7,3,307,68332
425,4,0,1107,68336
428,4,10,978,68396
429,4,3,978,68397
430,4,12,978,68398
431,4,12,307,68399
432,1,5,978,68465
433,6,1,136,70538
434,3,7,136,70541
435,3,7,136,70542
436,3,7,136,70543
437,10,7,136,70544
438,10,11,136,70545
439,8,11,136,70546
440,8,11,136,70547
441,8,11,136,70548
442,6,2,136,70605
443,9,1,136,70608
444,9,5,1048,70609
445,5,7,136,70610
446,10,12,136,70611
447,10,11,136,70612
448,8,11,136,70613
449,8,11,136,70614
450,0,11,136,70615
451,6,2,136,70672
452,6,2,136,70673
453,6,2,1048,70674
455,2,1,1048,70676
456,5,4,136,70677
457,5,4,1048,70678
458,5,4,1048,70679
459,5,0,1107,70680
462,6,2,136,70739
463,6,2,136,70740
464,6,2,136,70741
466,2,8,1048,70743
467,5,4,1048,70744
468,5,4,1048,70745
469,5,4,1048,70746
470,5,4,1107,70747
471,5,4,1107,70748
475,6,2,1048,70808
477,2,8,1048,70810
478,5,4,1048,70811
479,5,4,1048,70812
480,5,4,1048,70813
481,5,4,1107,70814
482,5,4,1107,70815
483,5,4,1107,70816
484,12,8,1048,70873
485,12,8,136,70874
486,2,8,1048,70875
487,2,8,1048,70876
488,2,8,1048,70877
489,5,8,1048,70878
490,5,8,1048,70879
491,5,4,1048,70880
492,5,4,1107,70881
493,5,4,1107,70882
494,5,4,1107,70883
495,12,8,1048,70940
496,12,8,1048,70941
497,12,8,1048,70942
498,12,8,1048,70943
499,12,8,1048,70944
500,7,8,1048,70945
501,5,4,1048,70947
502,5,4,1107,70948
503,5,4,1107,70949
504,9,8,1107,70950
505,12,8,307,71006
506,12,8,1048,71007
507,7,3,978,71008
508,7,8,1048,71009
509,7,8,978,71010
510,7,3,1048,71011
511,7,3,307,71012
512,7,4,1048,71014
513,5,4,1107,71015
515,7,3,978,71075
516,7,3,978,71077
517,7,3,307,71078
518,7,3,307,71079
519,7,3,307,71080
520,1,10,978,71142
521,4,12,307,71145
522,3,11,136,73224
523,3,7,970,73288
524,3,7,970,73289
525,3,7,136,73290
526,3,7,136,73291
527,3,11,136,73292
528,6,2,1048,73352
529,6,1,1048,73353
530,9,1,1048,73354
531,9,5,970,73355
532,9,5,1048,73356
533,9,7,1048,73357
534,3,7,1048,73358
535,3,7,1048,73359
536,3,6,773,73360
537,3,6,1107,73361
538,3,6,1107,73362
539,6,2,1048,73419
540,6,2,1048,73420
541,6,2,1048,73421
542,2,1,1048,73422
543,2,1,1048,73423
544,9,1,1048,73424
545,9,4,1048,73425
546,9,4,1048,73426
547,5,4,1107,73427
548,3,6,1107,73428
549,3,6,1107,73429
550,6,2,1048,73486
551,6,2,1048,73487
552,6,2,1048,73488
554,2,8,1048,73490
555,2,8,1048,73491
556,2,8,1048,73492
557,2,1,1048,73493
558,5,4,1107,73494
559,5,4,1107,73495
560,5,4,1107,73496
562,2,8,1048,73554
565,2,8,1048,73557
566,2,8,1048,73558
567,2,8,1048,73559
568,2,8,1048,73560
569,2,8,1107,73561
570,9,4,1107,73562
571,9,4,1107,73563
572,12,8,1048,73620
573,12,8,1048,73621
574,2,8,1048,73622
575,2,8,1048,73623
576,2,8,1048,73624
577,12,8,1048,73625
578,2,8,1048,73626
579,2,8,1048,73627
580,2,8,1107,73628
581,2,8,1107,73629
582,2,8,1107,73630
583,12,8,307,73686
584,12,8,1048,73687
585,12,8,1048,73688
586,12,8,1048,73689
587,12,8,1048,73690
588,12,8,1048,73691
589,7,8,1048,73692
590,12,8,1048,73693
591,2,8,1107,73695
592,12,8,307,73753
593,7,3,307,73754
594,7,3,307,73755
595,7,3,1048,73756
596,7,3,1048,73757
597,7,3,1048,73758
598,7,3,307,73759
599,7,3,1048,73760
601,4,3,307,73822
602,7,3,307,73823
603,7,3,307,73824
604,7,3,307,73825
605,7,3,307,73826
606,7,3,307,73827
607,1,5,307,73889
608,4,12,307,73891
609,4,12,307,73892
610,3,9,773,75971
611,9,5,970,76033
612,9,5,970,76034
613,3,7,970,76035
614,3,7,970,76036
615,3,7,970,76037
616,3,6,773,76039
617,3,6,773,76040
618,6,2,1048,76099
619,6,1,1048,76100
620,9,1,970,76101
621,9,5,970,76102
622,9,5,970,76103
623,9,5,1048,76104
624,9,7,1048,76105
625,3,7,773,76106
626,3,6,773,76107
627,3,6,773,76108
628,3,6,773,76109
629,6,2,1048,76166
630,6,2,1048,76167
631,6,2,1048,76168
633,2,1,1048,76170
634,9,1,1048,76171
635,9,1,1048,76172
636,9,5,1048,76173
637,3,5,773,76174
638,3,6,773,76175
639,3,6,773,76176
640,6,2,1048,76233
641,6,2,1048,76234
642,6,2,1048,76235
647,2,1,1048,76240
648,9,1,1107,76241
649,9,5,1107,76242
650,9,5,1107,76243
652,2,8,1048,76301
659,2,1,1107,76309
660,12,8,1048,76367
661,12,8,1048,76368
662,2,8,1048,76369
664,2,8,1048,76371
666,6,2,1107,76375
667,12,8,307,76433
668,12,8,1048,76434
669,12,8,1048,76435
670,12,8,1048,76436
671,12,8,1048,76437
672,12,8,1048,76438
673,12,8,1048,76439
674,2,8,1048,76440
675,12,8,307,76500
676,7,3,307,76501
677,7,3,307,76502
678,7,3,1048,76503
679,7,8,1048,76504
680,7,8,1048,76505
681,7,3,307,76506
683,4,3,307,76569
684,7,3,307,76570
685,7,3,307,76571
686,7,3,307,76572
687,1,5,307,76636
688,6,2,970,78714
689,3,9,773,78718
690,6,1,970,78780
691,3,7,970,78783
692,3,9,970,78784
693,3,9,773,78785
694,3,9,773,78786
696,6,2,1048,78846
697,6,2,1048,78847
698,9,5,1048,78852
699,3,5,773,78853
700,3,6,773,78854
701,3,6,773,78855
702,6,2,1048,78913
703,6,2,1048,78914
704,6,2,1048,78916
705,9,1,1048,78920
706,9,5,773,78921
707,3,6,773,78922
708,3,6,773,78923
709,6,2,1048,78980
710,6,2,1048,78981
711,6,2,1048,78983
712,9,5,773,78989
713,9,5,773,78990
714,12,8,1048,79047
715,2,8,1048,79048
716,12,8,1048,79114
717,12,8,1048,79115
718,12,3,307,79181
719,12,3,1048,79182
720,12,8,1048,79183
721,12,8,1048,79185
722,12,4,307,79247
723,7,3,307,79248
724,7,3,1048,79249
725,7,8,1048,79253
727,4,3,307,79316
728,7,3,307,79317
729,7,3,307,79318
730,7,3,307,79319
731,1,5,307,79382
732,4,3,307,79385
733,6,2,970,81461
734,3,9,773,81465
735,6,1,970,81527
736,9,5,970,81529
737,3,7,970,81530
738,3,7,970,81531
739,3,9,773,81532
740,3,9,773,81533
741,3,6,773,81534
742,6,2,1048,81593
743,6,2,1048,81594
744,9,5,773,81599
745,3,5,773,81600
746,3,6,773,81601
747,3,6,773,81602
748,3,6,773,81603
749,6,2,1048,81660
750,6,2,1048,81661
751,6,2,1048,81663
752,9,1,1048,81667
753,9,5,773,81668
754,3,6,773,81669
755,3,6,773,81670
756,6,2,1048,81727
757,6,2,1048,81728
758,6,2,1048,81730
759,6,2,1048,81732
760,9,5,773,81736
761,9,5,773,81737
762,2,8,1048,81794
763,2,8,1048,81795
764,6,2,1048,81800
765,12,8,1048,81861
766,12,8,1048,81862
767,2,8,1048,81863
768,12,8,307,81928
769,12,8,1048,81929
770,12,8,1048,81930
771,12,8,1048,81932
772,12,4,307,81994
773,7,3,307,81995
774,7,3,1048,81996
775,7,8,1048,81999
776,7,3,1048,82000
778,4,3,307,82063
779,7,3,307,82064
780,7,3,307,82065
781,7,3,307,82066
782,3,9,773,84212
783,9,5,970,84274
784,9,5,970,84275
785,3,7,970,84276
786,3,7,970,84277
787,3,7,970,84278
788,3,6,773,84280
789,3,11,773,84281
790,6,2,1048,84340
791,9,1,1048,84341
792,9,1,970,84342
793,9,5,970,84343
794,9,5,970,84344
795,3,7,1048,84345
796,3,7,1048,84346
797,3,7,773,84347
798,3,6,773,84348
799,3,6,773,84349
800,3,6,773,84350
801,6,2,1048,84407
802,6,2,1048,84408
803,6,2,1048,84409
804,2,1,1048,84410
805,9,1,1048,84411
806,9,1,1048,84412
807,9,1,1048,84413
808,9,5,1048,84414
810,3,6,773,84416
811,3,6,773,84417
812,6,2,1048,84474
813,6,2,1048,84475
814,6,2,1048,84476
817,2,8,1048,84479
818,2,8,1048,84480
819,2,1,1048,84481
820,9,4,1107,84482
821,9,5,1107,84483
822,5,4,1107,84484
824,2,8,1048,84542
827,2,8,1048,84545
828,2,8,1048,84546
829,2,8,1048,84547
830,2,1,1107,84549
831,9,1,1107,84550
832,12,8,1048,84608
833,12,8,1048,84609
834,2,8,1048,84610
835,2,8,1048,84611
836,2,8,1048,84612
837,2,8,1048,84614
838,2,8,1107,84616
839,12,8,307,84674
840,12,8,1048,84675
841,12,8,1048,84676
842,12,8,1048,84677
843,12,8,1048,84678
844,12,8,1048,84679
845,12,8,1048,84680
846,12,8,1048,84681
847,12,8,307,84741
848,7,3,307,84742
849,7,3,307,84743
850,7,3,1048,84744
851,7,3,1048,84745
852,7,3,1048,84746
853,7,3,307,84747
855,4,3,307,84810
856,7,3,307,84811
857,7,3,307,84812
858,7,3,307,84813
859,1,5,307,84877
860,10,11,136,86959
861,9,1,1048,87020
862,3,7,970,87023
863,3,7,970,87024
864,3,7,136,87025
865,3,7,136,87026
866,10,11,136,87027
867,8,11,136,87028
868,8,11,136,87029
869,6,2,1048,87087
870,6,1,1048,87088
871,9,1,1048,87089
872,9,5,1048,87090
873,9,5,1048,87091
874,5,7,1048,87092
875,10,7,1048,87093
876,10,11,1048,87094
877,8,11,773,87095
878,8,6,1107,87096
879,0,11,1107,87097
880,6,2,1048,87154
881,6,2,1048,87155
882,6,2,1048,87156
884,9,1,1048,87158
885,9,4,1048,87159
886,5,4,1048,87160
887,5,4,1048,87161
888,5,4,1107,87162
891,6,2,1048,87221
892,6,2,1048,87222
893,6,2,1048,87223
895,2,8,1048,87225
896,2,8,1048,87226
897,5,8,1048,87227
898,5,4,1048,87228
899,5,4,1107,87229
900,5,4,1107,87230
901,0,4,1107,87231
906,2,8,1048,87292
907,2,8,1048,87293
908,12,8,1048,87294
909,5,4,1048,87295
910,5,4,1107,87296
911,5,4,1107,87297
912,5,4,1107,87298
913,12,8,1048,87355
914,12,8,1048,87356
915,2,8,1048,87357
916,2,8,1048,87358
917,2,8,1048,87359
918,12,8,1048,87360
919,12,8,1048,87361
920,5,8,1048,87362
921,5,4,1107,87363
922,5,4,1107,87364
923,9,4,1107,87365
924,12,8,307,87421
925,12,8,1048,87422
926,12,8,1048,87423
927,12,8,1048,87424
928,12,8,1048,87425
929,12,8,1048,87426
930,7,8,1048,87427
931,7,8,1048,87428
932,5,4,1107,87430
933,12,8,307,87488
934,7,3,307,87489
935,7,3,307,87490
936,7,3,1048,87491
937,7,3,1048,87492
938,7,3,1048,87493
939,7,3,307,87494
940,7,3,1048,87495
941,7,4,1048,87496
942,5,4,1107,87497
943,4,3,307,87556
944,7,3,307,87557
945,7,3,307,87558
946,7,3,307,87559
947,7,3,307,87560
948,7,3,307,87561
949,7,3,307,87562
950,1,5,307,87623
951,1,5,307,87624
952,4,12,307,87626
953,4,12,307,87627
954,3,7,136,89770
955,3,7,136,89771
956,10,7,136,89772
957,10,11,136,89773
958,10,11,136,89774
959,8,11,136,89775
960,8,11,136,89776
961,0,11,136,89777
962,6,2,136,89834
963,9,1,136,89837
965,10,12,136,89839
966,10,11,136,89840
967,10,11,136,89841
968,8,11,136,89842
969,8,11,136,89843
971,6,2,136,89901
972,6,2,136,89902
973,6,2,136,89903
975,5,1,1048,89905
976,5,4,136,89906
977,10,4,1048,89907
978,10,12,1048,89908
979,8,0,1107,89909
982,6,2,136,89968
983,6,2,136,89969
984,6,2,136,89970
986,5,4,1048,89972
987,5,4,1048,89973
988,5,4,1048,89974
989,5,4,1048,89975
990,8,0,1107,89976
994,6,2,136,90036
995,6,2,136,90037
996,2,8,1048,90038
997,5,4,1048,90039
998,5,4,1048,90040
999,5,4,1048,90041
1000,5,4,1048,90042
1001,5,4,1107,90043
1004,12,8,1048,90102
1005,2,8,136,90103
1006,2,8,1048,90104
1007,2,8,1048,90105
1008,5,4,1048,90106
1009,5,4,1048,90107
1010,5,4,1048,90108
1011,5,4,1048,90109
1012,8,4,1107,90110
1015,12,8,1048,90169
1016,12,8,1048,90170
1017,12,8,1048,90171
1018,12,8,1048,90172
1019,12,8,1048,90173
1020,5,4,1048,90174
1021,5,4,1048,90176
1022,8,4,1107,90177
1024,0,4,1107,90179
1025,12,8,307,90235
1026,12,3,1048,90236
1027,12,3,978,90237
1028,12,8,1048,90238
1029,7,8,978,90239
1030,7,3,1048,90240
1031,7,3,307,90241
1032,7,4,1048,90243
1033,8,0,1107,90244
1034,9,1,307,90302
1035,11,3,1048,90303
1036,11,3,978,90304
1037,7,3,978,90306
1038,7,3,307,90307
1039,7,3,307,90308
1040,7,12,307,90309
1041,1,10,978,90371
1042,4,12,978,90373
1043,4,12,307,90374
1044,4,12,307,90375
1045,1,5,978,90440
1046,3,7,852,92380
1047,9,5,852,92447
1048,9,1,852,92515
1049,3,7,136,92517
1050,10,11,852,92520
1051,10,11,852,92521
1052,8,11,852,92522
1053,8,11,1098,92523
1054,0,11,1098,92524
1055,6,2,136,92581
1056,6,2,852,92582
1057,9,1,852,92583
1058,9,5,136,92584
1059,5,4,136,92585
1060,10,12,852,92586
1061,10,11,852,92587
1062,10,11,136,92588
1063,8,11,136,92589
1064,8,11,136,92590
1067,6,2,136,92648
1068,6,2,136,92649
1069,6,2,136,92650
1070,2,1,136,92651
1071,5,4,136,92652
1072,10,12,136,92653
1073,10,11,136,92654
1074,10,11,136,92655
1075,8,11,136,92656
1078,6,2,136,92715
1079,6,2,136,92716
1080,6,2,136,92717
1081,12,8,136,92718
1082,5,4,136,92719
1083,10,12,136,92720
1084,10,12,1048,92721
1085,8,12,136,92722
1086,8,0,1107,92723
1090,2,8,136,92784
1091,5,4,136,92785
1092,5,4,1048,92786
1093,10,12,136,92787
1094,10,12,1048,92788
1095,8,12,1048,92789
1096,8,0,1107,92790
1099,12,8,136,92849
1100,12,8,136,92850
1101,2,8,136,92851
1102,5,4,136,92852
1103,5,4,1048,92853
1104,5,12,1048,92854
1105,10,12,1048,92855
1106,8,12,1048,92856
1107,8,0,1107,92857
1108,8,0,1107,92858
1110,12,8,661,92916
1111,12,8,136,92917
1112,12,8,1048,92918
1113,12,4,1048,92919
1114,5,4,1048,92920
1115,5,4,1048,92921
1116,8,12,1048,92923
1117,8,12,1107,92924
1118,8,0,1107,92925
1120,12,8,661,92983
1121,11,8,661,92984
1122,11,8,978,92985
1123,12,8,1048,92986
1124,7,4,1048,92987
1125,7,12,1048,92988
1126,8,6,1107,92991
1127,8,6,1107,92992
1128,11,3,661,93050
1129,11,3,661,93051
1130,11,3,978,93052
1131,7,3,978,93053
1132,7,3,978,93054
1133,4,6,1107,93059
1135,4,10,978,93119
1136,4,10,978,93120
1137,4,12,978,93121
1138,4,12,307,93122
1139,1,5,978,93188
1140,3,7,852,95127
1141,9,1,852,95194
1142,8,11,1098,95203
1143,6,2,852,95261
1144,9,1,852,95262
1145,10,11,852,95268
1146,8,11,852,95269
1147,8,11,1098,95270
1149,6,2,852,95328
1150,6,2,852,95329
1151,9,1,852,95330
1152,5,4,852,95331
1153,10,12,852,95332
1154,10,11,852,95333
1155,10,11,852,95334
1156,10,11,852,95335
1157,8,11,852,95336
1158,0,11,1098,95337
1161,6,2,136,95394
1162,6,2,852,95395
1163,6,2,852,95396
1164,12,8,852,95397
1165,5,4,852,95398
1166,10,12,852,95399
1167,10,11,852,95400
1168,10,11,136,95401
1169,10,11,136,95402
1170,8,11,136,95403
1174,2,8,136,95461
1175,6,2,136,95462
1177,12,8,136,95464
1178,5,4,136,95465
1179,10,12,136,95466
1180,10,12,136,95467
1181,10,12,136,95468
1182,10,12,136,95469
1183,8,0,136,95470
1187,12,8,136,95528
1188,12,8,136,95529
1189,12,8,136,95530
1190,5,4,136,95531
1191,5,4,136,95532
1192,10,12,136,95533
1193,10,12,136,95534
1194,8,12,136,95536
1195,8,0,136,95537
1198,12,8,661,95594
1199,12,8,136,95595
1200,12,8,136,95596
1201,12,8,136,95597
1202,5,4,136,95598
1203,5,4,136,95599
1204,5,12,136,95600
1205,10,12,136,95601
1206,10,12,1048,95602
1207,8,12,1048,95603
1208,8,0,1107,95604
1209,8,0,1107,95605
1211,12,8,661,95662
1212,12,8,661,95663
1213,11,8,661,95664
1214,11,8,661,95665
1215,5,4,136,95666
1216,5,4,136,95667
1217,10,12,978,95669
1218,8,12,978,95670
1219,8,12,1048,95671
1220,8,0,1107,95672
1222,12,8,661,95729
1223,11,8,661,95730
1224,11,3,661,95731
1225,11,3,661,95732
1226,11,4,978,95733
1227,5,4,1048,95734
1228,10,12,978,95735
1229,10,12,978,95736
1230,8,12,978,95737
1231,8,6,1107,95739
1232,4,0,235,95740
1234,11,8,661,95797
1235,11,10,661,95798
1236,11,10,978,95799
1237,11,10,978,95800
1238,7,3,978,95801
1239,10,12,978,95802
1240,4,12,978,95803
1242,1,10,661,95865
1243,1,10,978,95866
1244,1,10,978,95867
1246,4,12,978,95869
1247,1,5,978,95935
1248,1,5,978,95936
1249,9,1,852,97941
1250,8,12,852,97949
1251,11,8,852,98007
1252,2,8,852,98008
1253,9,1,852,98009
1254,10,12,852,98013
1255,10,12,852,98015
1256,8,12,852,98016
1258,12,8,852,98074
1259,2,8,852,98075
1260,12,8,852,98076
1261,10,12,852,98080
1262,10,11,852,98081
1263,10,11,852,98082
1264,8,11,852,98083
1267,5,3,852,98144
1268,10,12,852,98145
1269,10,12,852,98146
1270,10,11,852,98147
1271,10,11,852,98148
1272,10,11,136,98149
1273,8,0,136,98150
1277,12,8,136,98208
1278,12,8,852,98209
1279,12,8,852,98210
1280,5,4,852,98211
1281,10,12,852,98212
1282,10,12,852,98213
1283,10,12,136,98215
1284,10,12,136,98216
1285,8,0,136,98217
1289,12,8,136,98275
1290,12,8,136,98276
1291,5,4,852,98277
1292,5,12,136,98278
1293,10,12,852,98279
1294,10,12,136,98280
1295,10,12,136,98281
1296,10,12,136,98282
1297,10,12,136,98283
1298,8,0,136,98284
1302,12,8,136,98342
1303,12,8,661,98343
1304,5,4,136,98344
1305,5,4,136,98345
1306,5,12,136,98346
1307,10,12,136,98347
1308,10,12,136,98348
1309,10,12,136,98349
1310,8,0,1048,98351
1311,8,0,136,98352
1313,12,8,661,98409
1314,12,8,661,98410
1315,11,4,661,98411
1316,11,4,661,98412
1317,5,4,136,98413
1318,5,4,939,98414
1319,10,12,939,98415
1320,10,12,939,98416
1322,11,3,661,98478
1323,11,3,661,98479
1324,11,4,978,98480
1325,5,4,143,98481
1326,10,12,143,98483
1327,8,12,143,98484
1328,8,6,1107,98486
1329,11,10,661,98545
1330,11,10,978,98547
1332,4,12,978,98549
1333,4,12,978,98550
1334,4,12,978,98551
1335,1,10,978,98614
1336,1,10,978,98615
1337,1,5,978,98616
1338,1,5,978,98618
1340,11,4,852,100687
1341,11,4,852,100754
1342,10,12,852,100761
1343,8,12,852,100763
1345,5,8,852,100822
1346,10,12,852,100828
1347,10,12,136,100829
1348,8,12,852,100830
1350,5,4,852,100889
1351,5,3,852,100890
1352,10,3,852,100891
1353,10,12,852,100892
1354,10,12,852,100894
1355,10,12,852,100895
1356,10,12,136,100896
1357,8,12,136,100897
1360,5,4,136,100955
1361,5,4,852,100956
1362,5,4,852,100957
1363,10,12,852,100958
1364,10,12,852,100959
1365,10,12,852,100960
1366,10,12,136,100961
1367,10,12,136,100962
1368,10,12,136,100963
1369,8,0,136,100964
1372,9,4,136,101022
1373,5,4,852,101023
1374,5,4,852,101024
1375,10,12,852,101025
1376,10,12,852,101026
1377,10,12,136,101027
1378,10,12,136,101028
1379,10,12,136,101029
1380,10,12,136,101030
1381,8,0,136,101031
1383,12,8,661,101089
1384,12,4,661,101090
1385,5,4,661,101091
1386,5,4,136,101092
1387,5,12,852,101093
1388,10,12,852,101094
1389,10,12,136,101095
1390,8,0,136,101098
1391,8,0,136,101099
1393,2,8,661,101156
1394,12,8,661,101157
1395,11,4,661,101158
1396,11,4,661,101159
1397,5,4,136,101161
1398,8,12,978,101164
1399,8,0,136,101166
1401,6,1,661,101223
1402,11,1,661,101224
1403,11,3,661,101225
1404,11,3,661,101226
1405,11,4,978,101227
1406,5,4,136,101228
1407,4,12,978,101229
1408,4,12,978,101230
1409,4,12,978,101231
1410,4,6,136,101233
1411,4,0,1107,101234
1413,1,10,661,101292
1414,1,10,661,101293
1415,1,10,978,101294
1417,1,5,978,101296
1418,1,5,978,101298
1420,5,4,852,103367
1421,5,4,852,103434
1422,5,4,852,103501
1423,5,4,852,103568
1424,5,4,852,103635
1425,8,12,136,103644
1426,8,12,1098,103645
1428,8,12,136,103711
1429,8,0,1098,103712
1431,9,4,136,103769
1432,5,4,852,103770
1433,5,12,852,103773
1434,10,12,136,103774
1435,10,12,136,103775
1436,8,12,136,103778
1437,8,0,1098,103779
1438,9,1,136,103836
1439,5,4,852,103837
1440,10,12,136,103842
1441,8,12,136,103845
1442,8,0,136,103846
1443,9,1,661,103904
1444,11,4,661,103905
1445,5,4,852,103908
1446,5,4,978,103909
1447,8,12,136,103912
1448,8,12,136,103913
1449,4,0,136,103914
1450,6,2,661,103970
1452,11,10,661,103972
1453,9,1,978,103975
1454,9,5,978,103976
1455,9,5,978,103977
1456,4,12,136,103980
1461,5,4,852,106114
1462,5,4,852,106181
1463,4,12,136,106659
1464,5,8,852,108861
1465,1,2,136,109474
